nctid,restart_date,restart_status
NCT01280565,NA,NA
NCT02715804,NA,NA
NCT03267940,NA,NA
NCT03463018,NA,NA
NCT03716050,NA,NA
NCT00341068,NA,NA
NCT02790957,NA,NA
NCT03309696,NA,NA
NCT03869762,NA,NA
NCT02392286,NA,NA
NCT03033511,NA,NA
NCT01978457,NA,NA
NCT02566889,NA,NA
NCT02664363,NA,NA
NCT02882711,NA,NA
NCT02945046,NA,NA
NCT03107052,NA,NA
NCT03119701,NA,NA
NCT03258476,NA,NA
NCT00005664,NA,NA
NCT03126903,NA,NA
NCT03531710,NA,NA
NCT03827473,NA,NA
NCT01889992,NA,NA
NCT02795338,NA,NA
NCT02906670,NA,NA
NCT03123055,NA,NA
NCT03688464,NA,NA
NCT03936608,NA,NA
NCT01958580,NA,NA
NCT02112552,NA,NA
NCT02407171,2023-10-16,COMPLETED
NCT02637713,NA,NA
NCT03075553,NA,NA
NCT03720080,NA,NA
NCT02282904,NA,NA
NCT03862872,NA,NA
NCT00227617,NA,NA
NCT02383992,NA,NA
NCT02257346,NA,NA
NCT03078504,NA,NA
NCT01895582,NA,NA
NCT02433158,NA,NA
NCT02990273,NA,NA
NCT03105362,NA,NA
NCT01526928,NA,NA
NCT02559960,NA,NA
NCT02599649,NA,NA
NCT03556501,NA,NA
NCT03907072,NA,NA
NCT04106076,NA,NA
NCT01641601,NA,NA
NCT03292653,NA,NA
NCT02760615,NA,NA
NCT02818946,NA,NA
NCT03387033,NA,NA
NCT03423082,NA,NA
NCT03465891,NA,NA
NCT04007367,NA,NA
NCT03901547,NA,NA
NCT04208451,NA,NA
NCT01041027,NA,NA
NCT01367301,NA,NA
NCT01950910,NA,NA
NCT01954875,NA,NA
NCT02530931,NA,NA
NCT00342927,2023-05-20,RECRUITING
NCT03517735,NA,NA
NCT03540875,NA,NA
NCT01185366,NA,NA
NCT02101554,NA,NA
NCT02470728,NA,NA
NCT02974686,NA,NA
NCT03281239,NA,NA
NCT03440411,NA,NA
NCT03490669,2023-04-20,COMPLETED
NCT02414165,NA,NA
NCT02489214,NA,NA
NCT02576665,NA,NA
NCT02753816,NA,NA
NCT03005054,NA,NA
NCT03206788,NA,NA
NCT02507973,NA,NA
NCT01349036,NA,NA
NCT02246920,NA,NA
NCT02503735,NA,NA
NCT02692157,NA,NA
NCT02946918,NA,NA
NCT03040427,NA,NA
NCT03371823,NA,NA
NCT01846182,NA,NA
NCT02025426,NA,NA
NCT03119571,NA,NA
NCT01059409,NA,NA
NCT02992977,NA,NA
NCT03465709,NA,NA
NCT03771664,NA,NA
NCT03773133,NA,NA
NCT03915886,NA,NA
NCT03123393,NA,NA
NCT03580382,NA,NA
NCT03700294,NA,NA
NCT04007588,NA,NA
NCT04128293,NA,NA
NCT00608894,NA,NA
NCT01381211,NA,NA
NCT02664922,NA,NA
NCT02895945,NA,NA
NCT03146663,NA,NA
NCT03261531,NA,NA
NCT03746002,NA,NA
NCT04082741,NA,NA
NCT02167477,NA,NA
NCT02538406,NA,NA
NCT03534362,NA,NA
NCT02169830,NA,NA
NCT02475369,NA,NA
NCT03028324,NA,NA
NCT03312114,NA,NA
NCT03474666,NA,NA
NCT03699475,NA,NA
NCT02586012,NA,NA
NCT02955121,NA,NA
NCT03217253,NA,NA
NCT03345407,NA,NA
NCT03498196,NA,NA
NCT00495716,NA,NA
NCT03332030,NA,NA
NCT03584269,NA,NA
NCT03530332,NA,NA
NCT03054766,2022-12-25,COMPLETED
NCT03334006,NA,NA
NCT04162366,NA,NA
NCT01668225,NA,NA
NCT01917318,NA,NA
NCT02639390,NA,NA
NCT02680834,NA,NA
NCT02819804,NA,NA
NCT02899325,NA,NA
NCT02913105,NA,NA
NCT02953561,NA,NA
NCT04125719,NA,NA
NCT01462240,NA,NA
NCT02013778,NA,NA
NCT02290028,NA,NA
NCT02305563,NA,NA
NCT02462759,NA,NA
NCT03061279,NA,NA
NCT03382925,NA,NA
NCT03573505,NA,NA
NCT04144335,NA,NA
NCT03904420,NA,NA
NCT02837783,NA,NA
NCT03134404,NA,NA
NCT03028012,NA,NA
NCT03973879,NA,NA
NCT00969332,NA,NA
NCT01243229,2023-03-31,COMPLETED
NCT03382665,NA,NA
NCT04210726,NA,NA
NCT03528343,NA,NA
NCT03680911,NA,NA
NCT03972046,NA,NA
NCT02038998,NA,NA
NCT02414698,NA,NA
NCT02733081,NA,NA
NCT03250117,NA,NA
NCT03674450,NA,NA
NCT03574818,NA,NA
NCT04260061,NA,NA
NCT02837042,NA,NA
NCT03926546,NA,NA
NCT02490384,NA,NA
NCT02725671,NA,NA
NCT03111914,NA,NA
NCT03501966,NA,NA
NCT03896347,NA,NA
NCT02504203,NA,NA
NCT04266158,NA,NA
NCT02774681,NA,NA
NCT02928029,NA,NA
NCT03266692,NA,NA
NCT03648775,NA,NA
NCT01772875,NA,NA
NCT02588807,NA,NA
NCT02704936,NA,NA
NCT02929056,NA,NA
NCT03093272,NA,NA
NCT03469258,NA,NA
NCT03764566,NA,NA
NCT03825939,NA,NA
NCT03891979,NA,NA
NCT02541903,NA,NA
NCT03344341,NA,NA
NCT03378973,NA,NA
NCT04268966,NA,NA
NCT02129322,NA,NA
NCT03213210,NA,NA
NCT03215667,NA,NA
NCT03277183,NA,NA
NCT04041037,NA,NA
NCT04272775,NA,NA
NCT02721251,NA,NA
NCT03353220,NA,NA
NCT03802227,NA,NA
NCT02412631,NA,NA
NCT02781805,NA,NA
NCT02939599,NA,NA
NCT03593694,NA,NA
NCT02698865,NA,NA
NCT02978222,NA,NA
NCT03158857,NA,NA
NCT01585688,NA,NA
NCT02694757,NA,NA
NCT03153956,NA,NA
NCT03532308,NA,NA
NCT03594045,NA,NA
NCT03674502,NA,NA
NCT04278664,NA,NA
NCT02026297,NA,NA
NCT02665962,NA,NA
NCT02743598,NA,NA
NCT03126539,NA,NA
NCT03201809,NA,NA
NCT03688945,NA,NA
NCT02548611,NA,NA
NCT02955147,NA,NA
NCT03044249,NA,NA
NCT03426137,NA,NA
NCT03973346,NA,NA
NCT03654378,NA,NA
NCT03722797,NA,NA
NCT03890341,NA,NA
NCT02532972,NA,NA
NCT02688348,NA,NA
NCT03006562,NA,NA
NCT03718143,NA,NA
NCT00091286,NA,NA
NCT00394550,NA,NA
NCT02102022,NA,NA
NCT02385669,NA,NA
NCT02275871,NA,NA
NCT03052270,NA,NA
NCT03116009,NA,NA
NCT03415581,NA,NA
NCT03429101,NA,NA
NCT03715725,NA,NA
NCT00547066,NA,NA
NCT01101594,NA,NA
NCT02073344,NA,NA
NCT02161705,NA,NA
NCT02587962,NA,NA
NCT02628535,NA,NA
NCT03329053,NA,NA
NCT03376139,NA,NA
NCT02029690,NA,NA
NCT02464137,NA,NA
NCT02963051,NA,NA
NCT03068468,NA,NA
NCT03147690,NA,NA
NCT03269409,NA,NA
NCT03553524,NA,NA
NCT02693743,NA,NA
NCT02717130,NA,NA
NCT03862053,NA,NA
NCT04299776,NA,NA
NCT00866086,NA,NA
NCT01428245,NA,NA
NCT02527421,NA,NA
NCT03043274,NA,NA
NCT03831191,NA,NA
NCT03924154,NA,NA
NCT04099446,NA,NA
NCT02179983,NA,NA
NCT03249272,NA,NA
NCT03281122,NA,NA
NCT03403725,NA,NA
NCT03515824,NA,NA
NCT01751503,NA,NA
NCT03608358,NA,NA
NCT02266004,NA,NA
NCT04021082,NA,NA
NCT03124459,NA,NA
NCT03884972,NA,NA
NCT03943290,NA,NA
NCT01643603,NA,NA
NCT02706197,NA,NA
NCT02927938,NA,NA
NCT03502681,NA,NA
NCT03721965,NA,NA
NCT00701701,NA,NA
NCT01942486,NA,NA
NCT04088487,NA,NA
NCT01478698,NA,NA
NCT01728207,NA,NA
NCT03007537,NA,NA
NCT03368534,NA,NA
NCT03406273,NA,NA
NCT03454334,NA,NA
NCT03703934,NA,NA
NCT03760965,NA,NA
NCT03761134,NA,NA
NCT03864627,NA,NA
NCT01690468,NA,NA
NCT03359161,NA,NA
NCT04066231,NA,NA
NCT04246268,NA,NA
NCT04128319,NA,NA
NCT04252755,NA,NA
NCT01823835,NA,NA
NCT02569801,NA,NA
NCT03312244,NA,NA
NCT04131556,NA,NA
NCT01946152,NA,NA
NCT03297294,NA,NA
NCT03421041,NA,NA
NCT03497728,NA,NA
NCT03820258,NA,NA
NCT03716258,NA,NA
NCT04290871,NA,NA
NCT01057745,NA,NA
NCT01545921,NA,NA
NCT02319304,NA,NA
NCT02882646,NA,NA
NCT02949687,NA,NA
NCT03639766,NA,NA
NCT03639779,NA,NA
NCT03639857,NA,NA
NCT03708237,NA,NA
NCT03739983,NA,NA
NCT04006691,NA,NA
NCT04065685,NA,NA
NCT04198350,2023-02-28,ACTIVE_NOT_RECRUITING
NCT04320771,NA,NA
NCT01533207,NA,NA
NCT01751425,NA,NA
NCT01757951,NA,NA
NCT02441140,NA,NA
NCT03080844,NA,NA
NCT03441139,NA,NA
NCT04216173,NA,NA
NCT01751139,NA,NA
NCT02191566,NA,NA
NCT02445144,NA,NA
NCT02700555,NA,NA
NCT03100240,NA,NA
NCT03498391,NA,NA
NCT03516318,NA,NA
NCT03595982,NA,NA
NCT03648502,NA,NA
NCT03998423,NA,NA
NCT04094792,NA,NA
NCT04193891,NA,NA
NCT03069495,NA,NA
NCT03654586,NA,NA
NCT03935516,NA,NA
NCT03935880,NA,NA
NCT03940157,2022-11-30,COMPLETED
NCT04327557,NA,NA
NCT02956200,NA,NA
NCT03186157,NA,NA
NCT03570476,NA,NA
NCT03632655,NA,NA
NCT03314337,2023-10-16,COMPLETED
NCT03060356,NA,NA
NCT03656692,NA,NA
NCT01609231,NA,NA
NCT02943473,NA,NA
NCT03276819,NA,NA
NCT03278990,NA,NA
NCT04255615,2023-03-27,ACTIVE_NOT_RECRUITING
NCT02380118,NA,NA
NCT03032198,NA,NA
NCT03287245,NA,NA
NCT04090866,NA,NA
NCT02412046,NA,NA
NCT02769806,NA,NA
NCT03114345,NA,NA
NCT03948776,2023-06-01,RECRUITING
NCT01312376,NA,NA
NCT02981082,NA,NA
NCT03607682,NA,NA
NCT04059094,NA,NA
NCT04131517,NA,NA
NCT02502435,NA,NA
NCT03133559,NA,NA
NCT03601728,NA,NA
NCT03917823,NA,NA
NCT03334812,NA,NA
NCT00667953,NA,NA
NCT01113502,NA,NA
NCT01486784,NA,NA
NCT02417974,NA,NA
NCT02520011,NA,NA
NCT03244033,2022-04-12,COMPLETED
NCT03519880,NA,NA
NCT03572634,NA,NA
NCT03795233,NA,NA
NCT03979820,NA,NA
NCT04086589,NA,NA
NCT04267276,NA,NA
NCT02484287,NA,NA
NCT02710669,NA,NA
NCT03164551,NA,NA
NCT03259893,NA,NA
NCT03400852,NA,NA
NCT03440944,NA,NA
NCT03727009,NA,NA
NCT03727087,NA,NA
NCT03856255,NA,NA
NCT03935126,NA,NA
NCT04068493,NA,NA
NCT04293874,2023-11-28,ACTIVE_NOT_RECRUITING
NCT02906696,NA,NA
NCT03030131,NA,NA
NCT03057002,2023-05-08,RECRUITING
NCT03361137,NA,NA
NCT03721835,NA,NA
NCT03807063,NA,NA
NCT03822663,2023-04-06,ACTIVE_NOT_RECRUITING
NCT04070157,NA,NA
NCT02743793,NA,NA
NCT03206112,NA,NA
NCT03488225,NA,NA
NCT03628144,NA,NA
NCT03720574,NA,NA
NCT03736356,NA,NA
NCT03803566,NA,NA
NCT04072406,NA,NA
NCT04301284,NA,NA
NCT02524847,NA,NA
NCT02061774,NA,NA
NCT03494114,NA,NA
NCT03523156,NA,NA
NCT03896295,NA,NA
NCT01072370,NA,NA
NCT01164150,NA,NA
NCT03094195,NA,NA
NCT03600805,NA,NA
NCT04099277,NA,NA
NCT04349462,NA,NA
NCT03152084,NA,NA
NCT03287947,NA,NA
NCT03729401,NA,NA
NCT04185428,NA,NA
NCT04299282,NA,NA
NCT03037580,NA,NA
NCT03043651,NA,NA
NCT03338257,NA,NA
NCT03756285,NA,NA
NCT03795350,NA,NA
NCT04051229,NA,NA
NCT04126343,NA,NA
NCT03628560,NA,NA
NCT03637842,NA,NA
NCT03817528,NA,NA
NCT03863639,NA,NA
NCT03928808,NA,NA
NCT04039919,NA,NA
NCT04136444,NA,NA
NCT04283136,NA,NA
NCT03430531,NA,NA
NCT00300638,NA,NA
NCT02521558,NA,NA
NCT03062111,NA,NA
NCT03462940,NA,NA
NCT03637296,NA,NA
NCT04247061,NA,NA
NCT00615784,NA,NA
NCT01409811,NA,NA
NCT02718404,NA,NA
NCT03283631,NA,NA
NCT03617484,NA,NA
NCT04014361,NA,NA
NCT04019054,NA,NA
NCT04126161,2023-03-21,RECRUITING
NCT01094691,2023-06-08,COMPLETED
NCT03510988,NA,NA
NCT03731598,NA,NA
NCT04230122,NA,NA
NCT04329572,NA,NA
NCT04348474,NA,NA
NCT02343549,NA,NA
NCT02507011,NA,NA
NCT02976038,NA,NA
NCT03055884,NA,NA
NCT03143842,NA,NA
NCT03197090,NA,NA
NCT03323749,NA,NA
NCT03971149,NA,NA
NCT04183634,NA,NA
NCT02943668,NA,NA
NCT03182049,NA,NA
NCT03978572,NA,NA
NCT04031885,NA,NA
NCT04048668,NA,NA
NCT04302831,NA,NA
NCT02011971,NA,NA
NCT02174016,NA,NA
NCT02298166,NA,NA
NCT02966223,NA,NA
NCT03444948,NA,NA
NCT03472326,NA,NA
NCT03574181,NA,NA
NCT03962725,NA,NA
NCT03993002,NA,NA
NCT03429777,NA,NA
NCT03566303,NA,NA
NCT03599037,NA,NA
NCT01459666,NA,NA
NCT03979638,NA,NA
NCT04026750,NA,NA
NCT04059198,NA,NA
NCT04368910,NA,NA
NCT00842283,NA,NA
NCT02169739,NA,NA
NCT03318627,NA,NA
NCT03869684,NA,NA
NCT03952182,NA,NA
NCT04178772,NA,NA
NCT03029104,NA,NA
NCT04114929,NA,NA
NCT00793884,NA,NA
NCT02492854,NA,NA
NCT02711592,NA,NA
NCT02892604,NA,NA
NCT03048227,NA,NA
NCT03126760,NA,NA
NCT03704584,NA,NA
NCT03958955,NA,NA
NCT03976596,NA,NA
NCT02277613,NA,NA
NCT03455556,NA,NA
NCT03737617,NA,NA
NCT03927248,NA,NA
NCT04261140,NA,NA
NCT02813447,NA,NA
NCT04316000,NA,NA
NCT03382899,NA,NA
NCT03382912,NA,NA
NCT03454360,NA,NA
NCT04063241,NA,NA
NCT04375189,NA,NA
NCT02640209,NA,NA
NCT03248765,NA,NA
NCT03253328,NA,NA
NCT03352414,NA,NA
NCT03399448,NA,NA
NCT03670017,NA,NA
NCT03697564,NA,NA
NCT03867045,NA,NA
NCT03940651,NA,NA
NCT04376736,NA,NA
NCT01864291,NA,NA
NCT03303950,NA,NA
NCT03650400,NA,NA
NCT04037072,NA,NA
NCT04199585,NA,NA
NCT02796144,NA,NA
NCT03546335,NA,NA
NCT03840486,NA,NA
NCT03951363,NA,NA
NCT04096482,NA,NA
NCT04278963,NA,NA
NCT04310865,NA,NA
NCT01605318,NA,NA
NCT02802293,NA,NA
NCT03052517,NA,NA
NCT04079855,2023-11-28,ACTIVE_NOT_RECRUITING
NCT04259385,NA,NA
NCT03055585,NA,NA
NCT04004845,NA,NA
NCT04266262,NA,NA
NCT01201850,NA,NA
NCT01977417,NA,NA
NCT02002507,NA,NA
NCT03122912,NA,NA
NCT03291340,NA,NA
NCT03608163,2023-03-15,ACTIVE_NOT_RECRUITING
NCT03722238,NA,NA
NCT03728569,NA,NA
NCT03767491,NA,NA
NCT03769350,NA,NA
NCT04106973,NA,NA
NCT04244682,NA,NA
NCT04256148,NA,NA
NCT02026232,NA,NA
NCT02465034,NA,NA
NCT02788019,NA,NA
NCT02944578,NA,NA
NCT03079297,NA,NA
NCT03555981,NA,NA
NCT04156399,NA,NA
NCT02890368,NA,NA
NCT03032042,NA,NA
NCT03040024,NA,NA
NCT04049578,NA,NA
NCT02657356,NA,NA
NCT02993354,NA,NA
NCT03394664,NA,NA
NCT04208698,NA,NA
NCT04261582,NA,NA
NCT04394832,NA,NA
NCT02201355,NA,NA
NCT03655119,NA,NA
NCT03694197,NA,NA
NCT03694548,NA,NA
NCT03814382,NA,NA
NCT04396834,NA,NA
NCT04396847,NA,NA
NCT02788214,NA,NA
NCT03342157,NA,NA
NCT03533465,NA,NA
NCT03588806,NA,NA
NCT03610048,NA,NA
NCT03651869,2023-07-11,COMPLETED
NCT03742817,2023-07-07,COMPLETED
NCT03933956,NA,NA
NCT04013880,NA,NA
NCT04395638,NA,NA
NCT04399031,2023-07-07,COMPLETED
NCT02562092,NA,NA
NCT03265249,NA,NA
NCT03624192,NA,NA
NCT03783650,NA,NA
NCT04072367,NA,NA
NCT02931110,NA,NA
NCT04307693,NA,NA
NCT02608229,NA,NA
NCT02636387,NA,NA
NCT04009850,NA,NA
NCT04117607,NA,NA
NCT04207905,NA,NA
NCT04306861,NA,NA
NCT04406610,NA,NA
NCT02149823,NA,NA
NCT02515669,NA,NA
NCT02532517,NA,NA
NCT03630367,NA,NA
NCT04404348,NA,NA
NCT02860078,NA,NA
NCT02924389,NA,NA
NCT03235986,NA,NA
NCT03418532,NA,NA
NCT03551119,NA,NA
NCT03654755,NA,NA
NCT03770299,NA,NA
NCT00933829,NA,NA
NCT02766478,NA,NA
NCT03165968,NA,NA
NCT03790865,NA,NA
NCT04032171,NA,NA
NCT04334967,NA,NA
NCT03054961,2023-08-14,RECRUITING
NCT03393806,NA,NA
NCT03410056,NA,NA
NCT03629249,NA,NA
NCT04032158,NA,NA
NCT03637023,NA,NA
NCT03325114,NA,NA
NCT03970109,NA,NA
NCT04332081,NA,NA
NCT04341727,NA,NA
NCT03407287,NA,NA
NCT03744598,NA,NA
NCT03862690,NA,NA
NCT03867240,NA,NA
NCT04239534,NA,NA
NCT04333654,NA,NA
NCT04417816,NA,NA
NCT02767934,NA,NA
NCT03301636,NA,NA
NCT03571646,NA,NA
NCT04118036,NA,NA
NCT02506114,NA,NA
NCT03243058,NA,NA
NCT03343613,NA,NA
NCT03810183,NA,NA
NCT03161964,NA,NA
NCT03794024,NA,NA
NCT03895853,NA,NA
NCT03954938,NA,NA
NCT03960606,NA,NA
NCT01978509,NA,NA
NCT02462200,NA,NA
NCT02887248,NA,NA
NCT03300609,NA,NA
NCT04345861,NA,NA
NCT02212730,NA,NA
NCT02665988,NA,NA
NCT03079102,NA,NA
NCT03186937,NA,NA
NCT03914079,NA,NA
NCT04428242,NA,NA
NCT03292536,NA,NA
NCT03403751,NA,NA
NCT03724253,NA,NA
NCT03785730,NA,NA
NCT03785769,NA,NA
NCT03827889,NA,NA
NCT03870841,NA,NA
NCT03905447,NA,NA
NCT03966300,NA,NA
NCT03966391,2023-03-13,COMPLETED
NCT04106700,NA,NA
NCT04428762,NA,NA
NCT02521870,NA,NA
NCT02764086,NA,NA
NCT02178566,NA,NA
NCT03026166,NA,NA
NCT03269968,NA,NA
NCT03940287,NA,NA
NCT03906448,NA,NA
NCT03957278,NA,NA
NCT04329611,NA,NA
NCT02565511,NA,NA
NCT02733614,NA,NA
NCT03598036,NA,NA
NCT03718338,NA,NA
NCT03850509,NA,NA
NCT04175132,NA,NA
NCT01697293,NA,NA
NCT03051282,2023-02-06,ACTIVE_NOT_RECRUITING
NCT03686033,NA,NA
NCT03790683,NA,NA
NCT04240158,NA,NA
NCT04369742,NA,NA
NCT02501473,NA,NA
NCT02702518,NA,NA
NCT03532009,NA,NA
NCT03064152,NA,NA
NCT03719300,NA,NA
NCT02352155,NA,NA
NCT02351869,NA,NA
NCT02362191,NA,NA
NCT03135262,NA,NA
NCT03375606,NA,NA
NCT03982537,NA,NA
NCT03128931,NA,NA
NCT03488147,NA,NA
NCT03567291,NA,NA
NCT04449445,NA,NA
NCT01301482,NA,NA
NCT02845336,NA,NA
NCT02477124,NA,NA
NCT02673021,NA,NA
NCT03457818,NA,NA
NCT04409483,NA,NA
NCT03944707,NA,NA
NCT04160091,NA,NA
NCT02485990,NA,NA
NCT04146012,NA,NA
NCT02600429,NA,NA
NCT03017105,NA,NA
NCT03023813,NA,NA
NCT04125030,NA,NA
NCT04132700,NA,NA
NCT04361461,NA,NA
NCT00915681,NA,NA
NCT02700191,NA,NA
NCT03161158,NA,NA
NCT02703571,NA,NA
NCT02994914,NA,NA
NCT02999152,NA,NA
NCT04302350,2023-03-01,COMPLETED
NCT03209869,NA,NA
NCT03708380,NA,NA
NCT03775915,NA,NA
NCT03685773,NA,NA
NCT03948464,NA,NA
NCT04090242,NA,NA
NCT04462341,NA,NA
NCT04465071,2023-09-08,COMPLETED
NCT02901431,NA,NA
NCT03002506,NA,NA
NCT03430544,NA,NA
NCT03757351,NA,NA
NCT04085549,NA,NA
NCT04185155,NA,NA
NCT01705080,NA,NA
NCT01988090,NA,NA
NCT02056054,NA,NA
NCT04138199,NA,NA
NCT04235621,NA,NA
NCT02527681,NA,NA
NCT03225924,NA,NA
NCT03380091,NA,NA
NCT03661983,NA,NA
NCT03686176,NA,NA
NCT04032483,2023-02-14,ACTIVE_NOT_RECRUITING
NCT04127695,NA,NA
NCT03253679,2023-03-04,COMPLETED
NCT02281994,NA,NA
NCT02418039,NA,NA
NCT03004482,NA,NA
NCT03139825,NA,NA
NCT03311074,NA,NA
NCT03647085,NA,NA
NCT03847675,NA,NA
NCT04101890,NA,NA
NCT00992030,NA,NA
NCT02439307,NA,NA
NCT02565901,NA,NA
NCT02732015,NA,NA
NCT03259659,NA,NA
NCT03445663,NA,NA
NCT03621124,NA,NA
NCT03669549,NA,NA
NCT04176978,NA,NA
NCT04476693,2023-02-28,COMPLETED
NCT03342638,NA,NA
NCT03473665,NA,NA
NCT03593902,NA,NA
NCT03809650,NA,NA
NCT04192513,NA,NA
NCT04315051,NA,NA
NCT03632954,NA,NA
NCT04231188,NA,NA
NCT02651116,NA,NA
NCT03545165,NA,NA
NCT03586934,NA,NA
NCT03234387,NA,NA
NCT03237767,NA,NA
NCT03588936,NA,NA
NCT02662634,NA,NA
NCT03513458,NA,NA
NCT03513471,NA,NA
NCT04248361,NA,NA
NCT01652157,NA,NA
NCT02075047,NA,NA
NCT02717650,2023-07-25,RECRUITING
NCT02864355,NA,NA
NCT03067480,NA,NA
NCT03331666,NA,NA
NCT03390413,NA,NA
NCT03586778,NA,NA
NCT03930225,NA,NA
NCT03993379,NA,NA
NCT02531295,2023-04-10,ACTIVE_NOT_RECRUITING
NCT02730884,NA,NA
NCT03198156,NA,NA
NCT03879044,NA,NA
NCT02749526,NA,NA
NCT04136847,NA,NA
NCT02608307,NA,NA
NCT04140539,NA,NA
NCT04159935,NA,NA
NCT04209530,NA,NA
NCT00293215,NA,NA
NCT01715571,NA,NA
NCT03881007,NA,NA
NCT04013373,NA,NA
NCT04038424,NA,NA
NCT04248959,NA,NA
NCT01498445,NA,NA
NCT02514252,NA,NA
NCT02648971,NA,NA
NCT02693717,NA,NA
NCT02740114,NA,NA
NCT02765165,NA,NA
NCT03847389,NA,NA
NCT04021797,NA,NA
NCT02679560,NA,NA
NCT02762318,NA,NA
NCT04335552,NA,NA
NCT04493528,NA,NA
NCT02151019,NA,NA
NCT02436135,NA,NA
NCT02834481,NA,NA
NCT03762681,NA,NA
NCT03784963,NA,NA
NCT04264052,2023-02-15,RECRUITING
NCT03313076,NA,NA
NCT04501211,NA,NA
NCT01961804,NA,NA
NCT02756013,NA,NA
NCT02758899,NA,NA
NCT02952586,NA,NA
NCT03395353,NA,NA
NCT03642457,NA,NA
NCT00575328,NA,NA
NCT02921737,NA,NA
NCT03053518,NA,NA
NCT03328598,NA,NA
NCT03657095,NA,NA
NCT03797144,NA,NA
NCT04005079,NA,NA
NCT04176406,NA,NA
NCT04232306,2023-04-20,NOT_YET_RECRUITING
NCT03259568,NA,NA
NCT03989752,NA,NA
NCT03150797,NA,NA
NCT03558672,NA,NA
NCT04370834,NA,NA
NCT04507100,NA,NA
NCT02728284,NA,NA
NCT02728336,NA,NA
NCT02741180,NA,NA
NCT03809039,NA,NA
NCT04415073,NA,NA
NCT03431337,NA,NA
NCT00606463,NA,NA
NCT02184520,NA,NA
NCT04143958,NA,NA
NCT04435808,NA,NA
NCT02992418,NA,NA
NCT03178201,NA,NA
NCT03194581,NA,NA
NCT03404310,NA,NA
NCT04266353,NA,NA
NCT02122757,NA,NA
NCT04067544,NA,NA
NCT04192110,NA,NA
NCT04320290,NA,NA
NCT04353648,NA,NA
NCT03425799,NA,NA
NCT03605693,NA,NA
NCT03726996,NA,NA
NCT04011592,NA,NA
NCT02478138,NA,NA
NCT02540330,NA,NA
NCT02612194,NA,NA
NCT02629029,NA,NA
NCT02964325,NA,NA
NCT03540160,NA,NA
NCT03738384,NA,NA
NCT03251495,2023-06-01,RECRUITING
NCT03686514,NA,NA
NCT02388165,NA,NA
NCT02905981,NA,NA
NCT02929589,NA,NA
NCT03605745,NA,NA
NCT03862170,NA,NA
NCT03120910,NA,NA
NCT03517566,NA,NA
NCT04353271,NA,NA
NCT01391520,NA,NA
NCT02422667,NA,NA
NCT02608125,NA,NA
NCT02872467,2023-04-14,COMPLETED
NCT03507127,NA,NA
NCT03529162,NA,NA
NCT03538015,NA,NA
NCT03858933,NA,NA
NCT04004325,NA,NA
NCT04275011,NA,NA
NCT04493697,NA,NA
NCT01055067,NA,NA
NCT01951378,NA,NA
NCT02737930,NA,NA
NCT03370302,NA,NA
NCT04522466,NA,NA
NCT01096290,NA,NA
NCT03615508,NA,NA
NCT04438551,NA,NA
NCT02638506,NA,NA
NCT04142554,NA,NA
NCT04227938,NA,NA
NCT04528758,NA,NA
NCT02759120,NA,NA
NCT02810236,2022-12-28,COMPLETED
NCT04374474,NA,NA
NCT04527796,NA,NA
NCT00860379,NA,NA
NCT02975336,NA,NA
NCT03607500,NA,NA
NCT03752242,NA,NA
NCT00586209,NA,NA
NCT01784861,NA,NA
NCT02349633,NA,NA
NCT03436420,NA,NA
NCT02132598,NA,NA
NCT03527550,NA,NA
NCT03547349,NA,NA
NCT03638596,NA,NA
NCT03648619,NA,NA
NCT03829618,NA,NA
NCT04325061,NA,NA
NCT04360135,NA,NA
NCT02429934,NA,NA
NCT02507986,NA,NA
NCT02577367,NA,NA
NCT02608944,NA,NA
NCT02774551,NA,NA
NCT03682367,NA,NA
NCT04130906,NA,NA
NCT04143490,NA,NA
NCT04244825,NA,NA
NCT04300335,NA,NA
NCT04540952,NA,NA
NCT01799889,NA,NA
NCT01937884,NA,NA
NCT02420652,NA,NA
NCT02432378,NA,NA
NCT03008616,NA,NA
NCT03423537,NA,NA
NCT03523091,NA,NA
NCT03535584,NA,NA
NCT03768726,NA,NA
NCT03909867,NA,NA
NCT04377165,NA,NA
NCT01113658,NA,NA
NCT01349894,NA,NA
NCT01417208,NA,NA
NCT01623882,NA,NA
NCT03120793,NA,NA
NCT03615924,NA,NA
NCT03862027,NA,NA
NCT04013763,NA,NA
NCT04073407,NA,NA
NCT02434874,NA,NA
NCT03151408,NA,NA
NCT03088735,NA,NA
NCT03979066,NA,NA
NCT03988842,NA,NA
NCT01030471,NA,NA
NCT02499627,NA,NA
NCT02664077,NA,NA
NCT03811951,NA,NA
NCT03919214,NA,NA
NCT04091594,NA,NA
NCT04269317,NA,NA
NCT01495247,NA,NA
NCT03179605,NA,NA
NCT03192995,NA,NA
NCT03328741,NA,NA
NCT03760250,NA,NA
NCT04062383,NA,NA
NCT04394286,NA,NA
NCT02648932,NA,NA
NCT02936206,NA,NA
NCT03566823,NA,NA
NCT04548622,NA,NA
NCT03212963,NA,NA
NCT02817113,NA,NA
NCT02923232,NA,NA
NCT04008602,NA,NA
NCT02925364,NA,NA
NCT03017287,NA,NA
NCT03405090,2023-04-11,COMPLETED
NCT03559517,NA,NA
NCT03767829,NA,NA
NCT03790774,NA,NA
NCT03860753,NA,NA
NCT04077385,NA,NA
NCT03621787,NA,NA
NCT03704285,NA,NA
NCT03705338,NA,NA
NCT04558892,NA,NA
NCT01239160,NA,NA
NCT03171051,NA,NA
NCT03332355,NA,NA
NCT03447730,NA,NA
NCT03721796,NA,NA
NCT03960242,NA,NA
NCT04421664,NA,NA
NCT01663766,NA,NA
NCT02161679,NA,NA
NCT02267772,NA,NA
NCT03304184,NA,NA
NCT03379558,NA,NA
NCT03626623,NA,NA
NCT03712930,NA,NA
NCT03932656,NA,NA
NCT04293978,NA,NA
NCT03598140,NA,NA
NCT01930175,NA,NA
NCT02563015,NA,NA
NCT03435042,2023-06-29,RECRUITING
NCT03925428,NA,NA
NCT04042623,NA,NA
NCT04116359,NA,NA
NCT01675154,NA,NA
NCT01831596,NA,NA
NCT02764164,NA,NA
NCT04365582,NA,NA
NCT04480879,NA,NA
NCT02240706,NA,NA
NCT03277612,NA,NA
NCT03452527,NA,NA
NCT04379492,NA,NA
NCT03333694,NA,NA
NCT00969956,NA,NA
NCT00991315,NA,NA
NCT03219866,NA,NA
NCT03285308,NA,NA
NCT03426345,NA,NA
NCT03741803,NA,NA
NCT02557945,NA,NA
NCT02933073,NA,NA
NCT03234465,NA,NA
NCT03462576,NA,NA
NCT03744663,NA,NA
NCT03806023,NA,NA
NCT00576225,NA,NA
NCT02387164,NA,NA
NCT03004001,NA,NA
NCT03265951,NA,NA
NCT02232477,NA,NA
NCT04015219,NA,NA
NCT04081584,NA,NA
NCT04081623,NA,NA
NCT04254172,NA,NA
NCT04447729,NA,NA
NCT00515528,NA,NA
NCT03025425,NA,NA
NCT03383146,NA,NA
NCT03420781,NA,NA
NCT03441334,NA,NA
NCT03518996,NA,NA
NCT03529916,NA,NA
NCT03630081,2022-12-01,NOT_YET_RECRUITING
NCT03883607,NA,NA
NCT03963492,NA,NA
NCT04060693,NA,NA
NCT04258020,NA,NA
NCT02036502,NA,NA
NCT03315143,NA,NA
NCT03389893,NA,NA
NCT03521934,NA,NA
NCT03827564,NA,NA
NCT04089761,NA,NA
NCT04311112,NA,NA
NCT01244191,NA,NA
NCT02152670,NA,NA
NCT02438371,NA,NA
NCT03786380,NA,NA
NCT03947814,NA,NA
NCT02907918,NA,NA
NCT03636373,NA,NA
NCT03886493,NA,NA
NCT04129320,NA,NA
NCT03604523,NA,NA
NCT03763175,NA,NA
NCT04585022,NA,NA
NCT02611128,NA,NA
NCT02687815,NA,NA
NCT03122470,NA,NA
NCT03259308,NA,NA
NCT03342859,NA,NA
NCT04462757,NA,NA
NCT03796416,NA,NA
NCT04058301,NA,NA
NCT02363647,NA,NA
NCT02595996,NA,NA
NCT03264092,NA,NA
NCT03567694,NA,NA
NCT02354144,NA,NA
NCT03259425,NA,NA
NCT03273257,NA,NA
NCT03682055,NA,NA
NCT03800420,NA,NA
NCT04106050,NA,NA
NCT02930122,NA,NA
NCT03376321,NA,NA
NCT03397394,NA,NA
NCT03508427,NA,NA
NCT02022735,NA,NA
NCT03197025,NA,NA
NCT03344562,NA,NA
NCT03373877,NA,NA
NCT03557684,NA,NA
NCT04133480,NA,NA
NCT04290962,NA,NA
NCT04600648,NA,NA
NCT03603080,NA,NA
NCT02595918,NA,NA
NCT03219372,NA,NA
NCT03923010,NA,NA
NCT00058188,NA,NA
NCT02243397,NA,NA
NCT02790736,NA,NA
NCT03499353,NA,NA
NCT03861403,NA,NA
NCT02208271,NA,NA
NCT02530502,2023-11-13,ACTIVE_NOT_RECRUITING
NCT02730962,NA,NA
NCT03054870,NA,NA
NCT03176498,NA,NA
NCT03180450,NA,NA
NCT03180463,NA,NA
NCT03184935,NA,NA
NCT03186456,NA,NA
NCT03816852,NA,NA
NCT04138485,NA,NA
NCT04250740,2023-11-23,RECRUITING
NCT04364009,NA,NA
NCT03601247,NA,NA
NCT03605589,NA,NA
NCT03937791,NA,NA
NCT04034381,NA,NA
NCT04342897,NA,NA
NCT04613102,NA,NA
NCT02747238,NA,NA
NCT03493412,NA,NA
NCT03974152,NA,NA
NCT03948334,NA,NA
NCT04164758,NA,NA
NCT04231409,NA,NA
NCT01822275,NA,NA
NCT01922895,NA,NA
NCT01925573,NA,NA
NCT02754466,NA,NA
NCT02765737,NA,NA
NCT03168490,NA,NA
NCT03503435,NA,NA
NCT03847324,2023-05-10,COMPLETED
NCT03889158,NA,NA
NCT03924622,NA,NA
NCT04010136,NA,NA
NCT04141904,NA,NA
NCT02555384,NA,NA
NCT02573519,NA,NA
NCT03229850,NA,NA
NCT03246620,NA,NA
NCT03839472,NA,NA
NCT04154059,NA,NA
NCT04232501,NA,NA
NCT04620421,NA,NA
NCT03537131,NA,NA
NCT03743571,NA,NA
NCT03892525,NA,NA
NCT03917433,NA,NA
NCT01745224,NA,NA
NCT01998035,NA,NA
NCT02004353,NA,NA
NCT02790034,NA,NA
NCT02867618,NA,NA
NCT03857659,NA,NA
NCT03922711,NA,NA
NCT04042077,NA,NA
NCT02230527,NA,NA
NCT03143894,NA,NA
NCT04274907,NA,NA
NCT02782403,NA,NA
NCT03100006,NA,NA
NCT03578731,NA,NA
NCT04028960,NA,NA
NCT04366232,NA,NA
NCT04628819,NA,NA
NCT01743976,NA,NA
NCT02112643,NA,NA
NCT02691455,NA,NA
NCT02906124,NA,NA
NCT03381196,NA,NA
NCT03685344,NA,NA
NCT04499352,NA,NA
NCT02234557,2023-11-08,COMPLETED
NCT02563561,NA,NA
NCT02589860,NA,NA
NCT02844933,NA,NA
NCT03336242,NA,NA
NCT03355300,NA,NA
NCT03421496,NA,NA
NCT03434509,2022-12-02,ACTIVE_NOT_RECRUITING
NCT03458416,NA,NA
NCT03490942,NA,NA
NCT03609450,NA,NA
NCT03705273,NA,NA
NCT03967093,NA,NA
NCT02597660,NA,NA
NCT02767570,NA,NA
NCT03452540,NA,NA
NCT04540393,NA,NA
NCT02957604,NA,NA
NCT03089463,NA,NA
NCT03280121,NA,NA
NCT03557970,NA,NA
NCT03630120,NA,NA
NCT04290442,NA,NA
NCT03074318,NA,NA
NCT03454672,NA,NA
NCT04098419,NA,NA
NCT04633031,NA,NA
NCT02831933,NA,NA
NCT03837457,NA,NA
NCT03949673,NA,NA
NCT04429464,NA,NA
NCT02070887,NA,NA
NCT03416816,NA,NA
NCT04329923,NA,NA
NCT04563559,NA,NA
NCT02154230,NA,NA
NCT02420795,NA,NA
NCT03205046,NA,NA
NCT03341273,NA,NA
NCT03956550,NA,NA
NCT04371640,NA,NA
NCT04645264,NA,NA
NCT03078868,NA,NA
NCT03341676,NA,NA
NCT03400748,NA,NA
NCT03684642,NA,NA
NCT04117438,NA,NA
NCT01891643,NA,NA
NCT01433198,NA,NA
NCT03875313,NA,NA
NCT03309098,NA,NA
NCT04140669,NA,NA
NCT02452983,NA,NA
NCT04072874,NA,NA
NCT04148742,NA,NA
NCT02704403,NA,NA
NCT03676543,NA,NA
NCT04167345,NA,NA
NCT02940223,NA,NA
NCT01620216,NA,NA
NCT03137693,NA,NA
NCT03165721,NA,NA
NCT04052204,NA,NA
NCT04151225,NA,NA
NCT04497948,NA,NA
NCT01861028,NA,NA
NCT02046135,NA,NA
NCT02576977,NA,NA
NCT02579863,NA,NA
NCT02663934,NA,NA
NCT03041116,NA,NA
NCT03058146,NA,NA
NCT03660657,NA,NA
NCT04069910,NA,NA
NCT04073823,NA,NA
NCT00272987,NA,NA
NCT01101581,NA,NA
NCT01510561,NA,NA
NCT01714817,NA,NA
NCT01915472,NA,NA
NCT02926521,NA,NA
NCT03068130,NA,NA
NCT03844646,NA,NA
NCT03909295,NA,NA
NCT04125745,NA,NA
NCT04287179,NA,NA
NCT04355676,NA,NA
NCT04558216,NA,NA
NCT03091478,NA,NA
NCT03240003,NA,NA
NCT03993314,NA,NA
NCT04185727,NA,NA
NCT02382588,NA,NA
NCT03537612,NA,NA
NCT03348735,NA,NA
NCT03391765,NA,NA
NCT03720210,NA,NA
NCT04139382,NA,NA
NCT01842282,NA,NA
NCT03631654,NA,NA
NCT01805037,NA,NA
NCT02213757,NA,NA
NCT02282514,NA,NA
NCT04663269,NA,NA
NCT04668859,NA,NA
NCT03713320,NA,NA
NCT03720392,NA,NA
NCT03773172,NA,NA
NCT03881553,NA,NA
NCT03881748,NA,NA
NCT03901079,NA,NA
NCT04388722,NA,NA
NCT00470249,NA,NA
NCT02110069,NA,NA
NCT04324021,NA,NA
NCT04531865,NA,NA
NCT04577131,NA,NA
NCT04511975,NA,NA
NCT02977286,NA,NA
NCT03561090,NA,NA
NCT03610581,NA,NA
NCT03763929,NA,NA
NCT04042051,NA,NA
NCT04063943,NA,NA
NCT04212650,NA,NA
NCT02481960,NA,NA
NCT03812679,NA,NA
NCT04153838,NA,NA
NCT01117779,NA,NA
NCT04366791,NA,NA
NCT02730793,NA,NA
NCT03090932,NA,NA
NCT03134027,NA,NA
NCT03431740,NA,NA
NCT03442985,NA,NA
NCT03508219,NA,NA
NCT03824704,NA,NA
NCT04026334,NA,NA
NCT04279665,NA,NA
NCT04341441,NA,NA
NCT02916472,NA,NA
NCT04209179,NA,NA
NCT00256776,NA,NA
NCT02177838,NA,NA
NCT03573336,NA,NA
NCT03795623,2023-01-31,COMPLETED
NCT03966989,NA,NA
NCT04552262,NA,NA
NCT03158116,NA,NA
NCT03334578,NA,NA
NCT03615989,NA,NA
NCT04060251,NA,NA
NCT04230564,NA,NA
NCT00904345,NA,NA
NCT03641430,NA,NA
NCT04258410,NA,NA
NCT04464525,NA,NA
NCT03964376,NA,NA
NCT03084510,NA,NA
NCT03368859,NA,NA
NCT04691726,2022-12-19,COMPLETED
NCT02272348,NA,NA
NCT02570438,NA,NA
NCT02931851,NA,NA
NCT04187612,2022-12-16,RECRUITING
NCT02734589,NA,NA
NCT03496298,NA,NA
NCT03730571,NA,NA
NCT03926598,2022-12-13,COMPLETED
NCT02591953,NA,NA
NCT03713684,NA,NA
NCT03770728,NA,NA
NCT03929601,2023-10-30,RECRUITING
NCT02212015,NA,NA
NCT03789487,NA,NA
NCT00794339,NA,NA
NCT03028740,NA,NA
NCT03059446,NA,NA
NCT03329378,NA,NA
NCT04017910,NA,NA
NCT04283526,NA,NA
NCT04008303,NA,NA
NCT01824823,NA,NA
NCT02111382,NA,NA
NCT03154710,NA,NA
NCT03582046,NA,NA
NCT03597347,NA,NA
NCT04194528,NA,NA
NCT04264156,NA,NA
NCT04372940,NA,NA
NCT04373603,NA,NA
NCT04589572,NA,NA
NCT02519738,NA,NA
NCT03421106,NA,NA
NCT03728205,NA,NA
NCT04189991,NA,NA
NCT04707638,NA,NA
NCT03040804,NA,NA
NCT03478904,NA,NA
NCT03978156,NA,NA
NCT04097353,NA,NA
NCT03042312,NA,NA
NCT03359174,NA,NA
NCT03751423,NA,NA
NCT03809663,NA,NA
NCT03971721,NA,NA
NCT02505204,NA,NA
NCT03806335,NA,NA
NCT03836989,NA,NA
NCT03299231,NA,NA
NCT04115644,NA,NA
NCT04197453,NA,NA
NCT02684617,NA,NA
NCT03224585,NA,NA
NCT03433755,NA,NA
NCT04720742,NA,NA
NCT03284203,NA,NA
NCT04184037,NA,NA
NCT04721171,NA,NA
NCT03739476,NA,NA
NCT03910439,NA,NA
NCT04181632,2023-03-28,COMPLETED
NCT04299802,NA,NA
NCT04724512,NA,NA
NCT01347541,NA,NA
NCT02510911,NA,NA
NCT02614157,NA,NA
NCT03051035,NA,NA
NCT03221842,NA,NA
NCT04245696,NA,NA
NCT04436120,NA,NA
NCT02021734,2023-12-12,ACTIVE_NOT_RECRUITING
NCT04536857,NA,NA
NCT02939859,NA,NA
NCT03238157,NA,NA
NCT03461419,NA,NA
NCT03773185,NA,NA
NCT03831594,NA,NA
NCT03909750,NA,NA
NCT03959046,NA,NA
NCT04000750,2023-02-08,COMPLETED
NCT03428815,NA,NA
NCT03540147,NA,NA
NCT03572478,NA,NA
NCT03703323,NA,NA
NCT04138524,NA,NA
NCT04165733,NA,NA
NCT04200300,NA,NA
NCT02525562,NA,NA
NCT03303469,NA,NA
NCT03980730,NA,NA
NCT04729088,NA,NA
NCT02747758,NA,NA
NCT03249220,NA,NA
NCT03492268,NA,NA
NCT03953326,NA,NA
NCT04037865,NA,NA
NCT04355169,NA,NA
NCT02063828,NA,NA
NCT03479151,NA,NA
NCT03894540,NA,NA
NCT04465630,NA,NA
NCT04616573,NA,NA
NCT04664907,NA,NA
NCT04738409,2022-12-24,ACTIVE_NOT_RECRUITING
NCT04178564,NA,NA
NCT03094611,NA,NA
NCT03139747,NA,NA
NCT03819218,NA,NA
NCT03875859,NA,NA
NCT04049981,NA,NA
NCT04259099,NA,NA
NCT04740099,NA,NA
NCT02616757,NA,NA
NCT02878083,NA,NA
NCT03166787,NA,NA
NCT03998410,NA,NA
NCT03099486,NA,NA
NCT03602586,2022-07-14,ACTIVE_NOT_RECRUITING
NCT03701074,NA,NA
NCT03742323,NA,NA
NCT03775473,NA,NA
NCT03996395,NA,NA
NCT04116684,NA,NA
NCT03175744,NA,NA
NCT03605537,NA,NA
NCT03865407,NA,NA
NCT03938545,NA,NA
NCT03938857,NA,NA
NCT04253236,NA,NA
NCT03463980,NA,NA
NCT03794050,NA,NA
NCT03839355,NA,NA
NCT04294719,2022-04-21,COMPLETED
NCT04409327,NA,NA
NCT00244218,NA,NA
NCT03844568,NA,NA
NCT04132375,NA,NA
NCT04349371,NA,NA
NCT02557542,NA,NA
NCT03102437,NA,NA
NCT03207477,NA,NA
NCT03338296,NA,NA
NCT03891173,NA,NA
NCT04029961,NA,NA
NCT04095416,NA,NA
NCT04240483,NA,NA
NCT04747730,NA,NA
NCT04754009,NA,NA
NCT01775176,NA,NA
NCT01881789,NA,NA
NCT03565497,NA,NA
NCT03574857,NA,NA
NCT03638011,NA,NA
NCT03922490,NA,NA
NCT02557412,NA,NA
NCT02885649,NA,NA
NCT03360721,2023-09-01,ACTIVE_NOT_RECRUITING
NCT03394768,NA,NA
NCT03423147,NA,NA
NCT03848832,NA,NA
NCT04063150,NA,NA
NCT04568174,NA,NA
NCT02471703,NA,NA
NCT03320642,NA,NA
NCT03344003,NA,NA
NCT03539601,NA,NA
NCT03803111,NA,NA
NCT04476251,NA,NA
NCT04553406,NA,NA
NCT01365416,2023-11-10,ACTIVE_NOT_RECRUITING
NCT03534583,NA,NA
NCT04140175,NA,NA
NCT04179227,NA,NA
NCT04540874,NA,NA
NCT00875342,NA,NA
NCT02445456,NA,NA
NCT03419403,NA,NA
NCT03670914,NA,NA
NCT04151563,NA,NA
NCT01416428,NA,NA
NCT03095287,NA,NA
NCT04031404,NA,NA
NCT01843413,NA,NA
NCT03256045,NA,NA
NCT03449888,NA,NA
NCT03481842,NA,NA
NCT03786107,NA,NA
NCT03894319,NA,NA
NCT03927911,NA,NA
NCT03951961,NA,NA
NCT04478695,NA,NA
NCT01156220,NA,NA
NCT01444209,NA,NA
NCT01582087,NA,NA
NCT02120482,NA,NA
NCT04576013,NA,NA
NCT04770181,NA,NA
NCT02661620,NA,NA
NCT03168438,NA,NA
NCT04013399,NA,NA
NCT03382249,NA,NA
NCT03830749,NA,NA
NCT04358068,NA,NA
NCT04239014,NA,NA
NCT04616586,NA,NA
NCT04774640,NA,NA
NCT02734576,NA,NA
NCT02838745,NA,NA
NCT03081117,NA,NA
NCT02874105,NA,NA
NCT00568373,NA,NA
NCT02207647,NA,NA
NCT03894007,NA,NA
NCT04467281,NA,NA
NCT03542110,NA,NA
NCT03637491,NA,NA
NCT04569786,NA,NA
NCT02550548,2023-11-16,COMPLETED
NCT02943291,2023-03-14,COMPLETED
NCT03404726,NA,NA
NCT03433950,NA,NA
NCT04202770,NA,NA
NCT04202783,NA,NA
NCT04205539,NA,NA
NCT04209023,NA,NA
NCT04394884,NA,NA
NCT01952847,NA,NA
NCT03222973,NA,NA
NCT03269695,NA,NA
NCT04122898,NA,NA
NCT04584437,NA,NA
NCT04787731,NA,NA
NCT03382574,NA,NA
NCT03818399,NA,NA
NCT04148287,2023-03-31,COMPLETED
NCT04196517,NA,NA
NCT03113409,NA,NA
NCT03451773,NA,NA
NCT02112565,2023-03-17,ACTIVE_NOT_RECRUITING
NCT04029545,NA,NA
NCT02189213,NA,NA
NCT02228382,NA,NA
NCT02685267,NA,NA
NCT03517722,NA,NA
NCT03554200,NA,NA
NCT03622866,NA,NA
NCT03673735,NA,NA
NCT04066738,NA,NA
NCT04353037,NA,NA
NCT04498247,NA,NA
NCT00326690,NA,NA
NCT00634634,2023-05-03,ACTIVE_NOT_RECRUITING
NCT03167281,NA,NA
NCT04076917,NA,NA
NCT04210141,NA,NA
NCT04270929,NA,NA
NCT04548882,NA,NA
NCT02111824,NA,NA
NCT03548051,NA,NA
NCT03575572,NA,NA
NCT03682094,NA,NA
NCT04377620,NA,NA
NCT04794803,NA,NA
NCT00059202,NA,NA
NCT02468778,NA,NA
NCT03487848,NA,NA
NCT03589963,NA,NA
NCT04298918,NA,NA
NCT04276610,NA,NA
NCT03430791,NA,NA
NCT04084795,NA,NA
NCT04193293,NA,NA
NCT04802928,NA,NA
NCT02758184,NA,NA
NCT03251417,NA,NA
NCT03320785,NA,NA
NCT03465540,NA,NA
NCT03803722,NA,NA
NCT03869710,NA,NA
NCT04678128,NA,NA
NCT02764476,NA,NA
NCT03634800,NA,NA
NCT04057391,NA,NA
NCT04806529,NA,NA
NCT02431364,NA,NA
NCT03958929,NA,NA
NCT04447404,NA,NA
NCT01305499,2023-05-08,ACTIVE_NOT_RECRUITING
NCT01996371,NA,NA
NCT02419846,NA,NA
NCT02572453,NA,NA
NCT03060772,NA,NA
NCT03390530,NA,NA
NCT03392064,NA,NA
NCT02965014,NA,NA
NCT03094169,NA,NA
NCT03550313,NA,NA
NCT03572062,NA,NA
NCT04061304,NA,NA
NCT04196114,NA,NA
NCT04810949,NA,NA
NCT02579265,NA,NA
NCT02864290,NA,NA
NCT03451253,NA,NA
NCT03589976,NA,NA
NCT03836911,2023-06-27,RECRUITING
NCT04000009,NA,NA
NCT04632199,NA,NA
NCT01921062,NA,NA
NCT02178046,NA,NA
NCT02466243,NA,NA
NCT03078465,NA,NA
NCT03398837,NA,NA
NCT03425461,NA,NA
NCT03518294,2023-01-31,COMPLETED
NCT04447508,NA,NA
NCT03849456,NA,NA
NCT04524858,NA,NA
NCT04001413,NA,NA
NCT02077621,NA,NA
NCT03969095,NA,NA
NCT03587519,NA,NA
NCT03701165,NA,NA
NCT03709550,NA,NA
NCT04432298,NA,NA
NCT03205553,NA,NA
NCT03296085,NA,NA
NCT03366792,NA,NA
NCT03625765,NA,NA
NCT02484261,NA,NA
NCT03823703,NA,NA
NCT04166448,NA,NA
NCT04175912,2023-03-23,ACTIVE_NOT_RECRUITING
NCT03137537,NA,NA
NCT02263508,NA,NA
NCT03494868,NA,NA
NCT04084015,NA,NA
NCT04112173,NA,NA
NCT04165473,NA,NA
NCT04835571,2022-12-07,COMPLETED
NCT02357719,NA,NA
NCT03491007,NA,NA
NCT03574194,NA,NA
NCT04838431,NA,NA
NCT01456208,NA,NA
NCT01511042,NA,NA
NCT04748783,NA,NA
NCT04762771,NA,NA
NCT02325349,NA,NA
NCT02769351,NA,NA
NCT02896387,NA,NA
NCT03349775,NA,NA
NCT03379272,NA,NA
NCT03445000,NA,NA
NCT01234480,NA,NA
NCT03259334,NA,NA
NCT03355326,NA,NA
NCT03933020,NA,NA
NCT03880565,NA,NA
NCT02323113,NA,NA
NCT02932579,NA,NA
NCT03195764,NA,NA
NCT03399578,NA,NA
NCT03998033,NA,NA
NCT04155840,NA,NA
NCT04350762,NA,NA
NCT04504032,NA,NA
NCT03118349,NA,NA
NCT02204709,NA,NA
NCT02639988,NA,NA
NCT02686320,NA,NA
NCT02761694,NA,NA
NCT02802553,2023-07-24,RECRUITING
NCT03386344,NA,NA
NCT03912350,NA,NA
NCT03954106,NA,NA
NCT04015336,NA,NA
NCT04115839,NA,NA
NCT04454567,NA,NA
NCT04604184,NA,NA
NCT01011114,NA,NA
NCT03195465,NA,NA
NCT04174677,NA,NA
NCT02634905,NA,NA
NCT03369717,NA,NA
NCT04151368,NA,NA
NCT04209725,NA,NA
NCT04361058,NA,NA
NCT04712006,NA,NA
NCT02034461,NA,NA
NCT04338074,NA,NA
NCT04002388,NA,NA
NCT04381988,NA,NA
NCT02851004,NA,NA
NCT04049617,NA,NA
NCT04226976,NA,NA
NCT02798900,NA,NA
NCT03285646,NA,NA
NCT03344770,NA,NA
NCT03694704,NA,NA
NCT03734744,NA,NA
NCT03934619,NA,NA
NCT04026451,NA,NA
NCT04059042,NA,NA
NCT04421508,NA,NA
NCT04555122,NA,NA
NCT02820441,NA,NA
NCT02890212,NA,NA
NCT02922725,NA,NA
NCT03240978,NA,NA
NCT03710161,NA,NA
NCT03724422,NA,NA
NCT03999359,NA,NA
NCT04000581,NA,NA
NCT04159038,NA,NA
NCT04261556,NA,NA
NCT01758991,NA,NA
NCT02814019,NA,NA
NCT03618095,NA,NA
NCT04095546,NA,NA
NCT04309734,NA,NA
NCT04629209,2023-05-08,NOT_YET_RECRUITING
NCT01983462,NA,NA
NCT02523716,NA,NA
NCT03050554,NA,NA
NCT03087747,NA,NA
NCT03131635,NA,NA
NCT03220438,NA,NA
NCT03866668,NA,NA
NCT04344535,NA,NA
NCT04655807,NA,NA
NCT01434472,NA,NA
NCT02695160,NA,NA
NCT03207815,NA,NA
NCT03334409,NA,NA
NCT03711162,NA,NA
NCT03733444,NA,NA
NCT04035109,NA,NA
NCT04050176,2023-11-03,ACTIVE_NOT_RECRUITING
NCT04630639,NA,NA
NCT04762511,NA,NA
NCT04869241,NA,NA
NCT04252547,NA,NA
NCT03294941,NA,NA
NCT03954704,NA,NA
NCT03976648,NA,NA
NCT04420364,NA,NA
NCT04874675,NA,NA
NCT01387932,NA,NA
NCT03365752,NA,NA
NCT04131959,NA,NA
NCT03208244,NA,NA
NCT03780387,NA,NA
NCT03971617,NA,NA
NCT04331561,NA,NA
NCT04880369,NA,NA
NCT03379259,NA,NA
NCT03615469,NA,NA
NCT03863522,NA,NA
NCT04468789,NA,NA
NCT04882423,NA,NA
NCT02650284,NA,NA
NCT03650140,2023-01-05,COMPLETED
NCT03807349,NA,NA
NCT03870477,NA,NA
NCT04075721,NA,NA
NCT04103775,NA,NA
NCT04611776,NA,NA
NCT04840927,NA,NA
NCT03528512,NA,NA
NCT03986944,NA,NA
NCT04372121,NA,NA
NCT04441788,NA,NA
NCT04636268,NA,NA
NCT01875770,NA,NA
NCT02122185,NA,NA
NCT03049111,NA,NA
NCT03123588,NA,NA
NCT03395288,NA,NA
NCT04418024,NA,NA
NCT03543046,NA,NA
NCT04607200,NA,NA
NCT02319369,NA,NA
NCT03508479,NA,NA
NCT03552029,NA,NA
NCT03780543,NA,NA
NCT03924063,NA,NA
NCT04052061,NA,NA
NCT04893473,NA,NA
NCT02930343,NA,NA
NCT03231397,NA,NA
NCT04003818,NA,NA
NCT04266457,NA,NA
NCT02722616,NA,NA
NCT03099499,NA,NA
NCT03463889,NA,NA
NCT03713021,NA,NA
NCT04277936,NA,NA
NCT04566926,NA,NA
NCT04598152,NA,NA
NCT04896567,NA,NA
NCT02773966,NA,NA
NCT03921801,2023-04-21,RECRUITING
NCT04466917,NA,NA
NCT01700569,NA,NA
NCT01727336,NA,NA
NCT03603288,NA,NA
NCT03937908,NA,NA
NCT04400890,NA,NA
NCT04678505,NA,NA
NCT02225275,NA,NA
NCT03112902,NA,NA
NCT03364738,NA,NA
NCT03513068,NA,NA
NCT04115748,NA,NA
NCT04373044,NA,NA
NCT04389840,NA,NA
NCT00490776,NA,NA
NCT04155190,NA,NA
NCT04221828,NA,NA
NCT04409886,NA,NA
NCT02948426,NA,NA
NCT03201250,NA,NA
NCT01981044,NA,NA
NCT03555851,2023-07-13,RECRUITING
NCT03582085,NA,NA
NCT03857841,NA,NA
NCT03921216,NA,NA
NCT03938337,NA,NA
NCT04043455,NA,NA
NCT04349605,NA,NA
NCT04698993,NA,NA
NCT04625218,NA,NA
NCT04762901,NA,NA
NCT02781506,NA,NA
NCT02906020,NA,NA
NCT04264806,NA,NA
NCT02572856,2022-12-15,COMPLETED
NCT02908490,NA,NA
NCT03525392,NA,NA
NCT03557944,2023-03-14,RECRUITING
NCT04501952,NA,NA
NCT04570995,NA,NA
NCT04770467,NA,NA
NCT02202434,NA,NA
NCT03041324,NA,NA
NCT04033562,NA,NA
NCT03208127,NA,NA
NCT03318523,NA,NA
NCT03437031,NA,NA
NCT03478163,NA,NA
NCT03691532,2023-04-27,RECRUITING
NCT04607772,NA,NA
NCT04135547,2023-10-19,COMPLETED
NCT04605588,NA,NA
NCT03049215,NA,NA
NCT04137887,NA,NA
NCT04235218,NA,NA
NCT02562534,NA,NA
NCT03367494,NA,NA
NCT03911336,NA,NA
NCT04085848,NA,NA
NCT04487808,NA,NA
NCT01067430,NA,NA
NCT03566485,NA,NA
NCT03586544,NA,NA
NCT03638947,NA,NA
NCT04929340,NA,NA
NCT03488251,NA,NA
NCT03645395,NA,NA
NCT04109807,NA,NA
NCT04801056,NA,NA
NCT02583672,2022-12-15,RECRUITING
NCT04228666,NA,NA
NCT02427581,NA,NA
NCT04511650,NA,NA
NCT02934503,NA,NA
NCT03225833,NA,NA
NCT03225846,NA,NA
NCT03593213,NA,NA
NCT03630952,NA,NA
NCT04191382,NA,NA
NCT04287790,NA,NA
NCT04526912,NA,NA
NCT04617847,NA,NA
NCT04617860,NA,NA
NCT03577899,NA,NA
NCT03696576,NA,NA
NCT04502927,NA,NA
NCT02882334,NA,NA
NCT04258514,NA,NA
NCT03520751,NA,NA
NCT04600882,NA,NA
NCT00449761,NA,NA
NCT00451035,NA,NA
NCT02702492,NA,NA
NCT02784431,NA,NA
NCT03581084,NA,NA
NCT03893565,NA,NA
NCT03960541,NA,NA
NCT04348656,NA,NA
NCT04511026,NA,NA
NCT04873726,NA,NA
NCT03134989,NA,NA
NCT04025021,NA,NA
NCT04051957,NA,NA
NCT04878874,NA,NA
NCT03548064,NA,NA
NCT04322396,NA,NA
NCT03506048,NA,NA
NCT04172909,NA,NA
NCT00449007,NA,NA
NCT03599362,NA,NA
NCT04610489,NA,NA
NCT04946162,NA,NA
NCT03595683,NA,NA
NCT03621319,NA,NA
NCT04956250,NA,NA
NCT01546571,NA,NA
NCT02460874,NA,NA
NCT03131453,NA,NA
NCT03320876,NA,NA
NCT03595072,NA,NA
NCT03782064,NA,NA
NCT03917355,NA,NA
NCT04025632,NA,NA
NCT04464148,NA,NA
NCT03519360,NA,NA
NCT03574103,2023-09-11,RECRUITING
NCT03690739,NA,NA
NCT04006847,NA,NA
NCT04079881,NA,NA
NCT04860635,NA,NA
NCT02700048,NA,NA
NCT03515551,NA,NA
NCT04883112,NA,NA
NCT02102165,NA,NA
NCT04680676,NA,NA
NCT04954261,NA,NA
NCT03717480,NA,NA
NCT03836716,NA,NA
NCT04422210,NA,NA
NCT02855164,NA,NA
NCT03988647,NA,NA
NCT04543526,NA,NA
NCT04912180,NA,NA
NCT04957732,NA,NA
NCT04966065,NA,NA
NCT01365195,NA,NA
NCT03594955,NA,NA
NCT03629275,NA,NA
NCT03630393,NA,NA
NCT04540510,NA,NA
NCT04655703,NA,NA
NCT04662567,NA,NA
NCT01128816,NA,NA
NCT03537157,NA,NA
NCT04207268,NA,NA
NCT04555096,NA,NA
NCT04918511,NA,NA
NCT04960956,NA,NA
NCT03383666,NA,NA
NCT04697953,NA,NA
NCT02570503,NA,NA
NCT02737293,NA,NA
NCT03019588,NA,NA
NCT03838484,NA,NA
NCT04373252,NA,NA
NCT04442230,NA,NA
NCT01256710,NA,NA
NCT02953613,NA,NA
NCT04020094,NA,NA
NCT04447443,NA,NA
NCT00006046,NA,NA
NCT02490878,NA,NA
NCT04326439,NA,NA
NCT04372641,NA,NA
NCT04577144,NA,NA
NCT04734873,NA,NA
NCT04793711,NA,NA
NCT04803630,NA,NA
NCT03480724,2023-05-29,RECRUITING
NCT03217838,NA,NA
NCT03462563,NA,NA
NCT04405050,NA,NA
NCT00006099,NA,NA
NCT01901055,NA,NA
NCT03325166,NA,NA
NCT03861728,NA,NA
NCT03882645,NA,NA
NCT04735510,NA,NA
NCT02376647,NA,NA
NCT02834793,NA,NA
NCT04705051,NA,NA
NCT02974803,NA,NA
NCT03089697,NA,NA
NCT04325698,NA,NA
NCT04894474,NA,NA
NCT03885154,NA,NA
NCT04435795,NA,NA
NCT03871231,NA,NA
NCT02157532,NA,NA
NCT03367429,NA,NA
NCT03410355,NA,NA
NCT03983941,NA,NA
NCT04331483,NA,NA
NCT03381833,NA,NA
NCT04545008,NA,NA
NCT01958593,NA,NA
NCT03560102,NA,NA
NCT04285697,NA,NA
NCT04532424,NA,NA
NCT04638634,NA,NA
NCT04958967,NA,NA
NCT01986348,NA,NA
NCT03633227,NA,NA
NCT03641937,NA,NA
NCT03699826,NA,NA
NCT03751449,NA,NA
NCT04909463,NA,NA
NCT04996420,NA,NA
NCT02521753,NA,NA
NCT03071094,NA,NA
NCT03401749,NA,NA
NCT03441503,NA,NA
NCT03866577,NA,NA
NCT04484428,NA,NA
NCT02919072,NA,NA
NCT04252586,NA,NA
NCT04262947,NA,NA
NCT04511819,NA,NA
NCT04748120,NA,NA
NCT04750759,NA,NA
NCT00816582,NA,NA
NCT03928015,NA,NA
NCT03984448,2023-12-15,ACTIVE_NOT_RECRUITING
NCT04614142,NA,NA
NCT03052400,NA,NA
NCT04105257,2022-12-08,COMPLETED
NCT04537806,NA,NA
NCT03098355,NA,NA
NCT03714880,NA,NA
NCT03912337,NA,NA
NCT04034225,NA,NA
NCT04950374,NA,NA
NCT02663271,NA,NA
NCT02978885,NA,NA
NCT03523728,NA,NA
NCT03980938,NA,NA
NCT04312763,NA,NA
NCT02811094,NA,NA
NCT04390191,NA,NA
NCT04402515,NA,NA
NCT04541628,NA,NA
NCT02393716,NA,NA
NCT04811131,NA,NA
NCT02649673,NA,NA
NCT03238651,NA,NA
NCT03242772,NA,NA
NCT04258423,NA,NA
NCT01876953,NA,NA
NCT03194750,2023-09-07,COMPLETED
NCT03563742,NA,NA
NCT03689582,NA,NA
NCT03787095,NA,NA
NCT02213042,NA,NA
NCT04575285,NA,NA
NCT01873833,NA,NA
NCT04475601,NA,NA
NCT04025983,NA,NA
NCT04115384,NA,NA
NCT04307628,NA,NA
NCT05017961,NA,NA
NCT02945280,NA,NA
NCT04048863,NA,NA
NCT04833959,NA,NA
NCT05022394,NA,NA
NCT05030532,NA,NA
NCT03531320,2023-06-07,COMPLETED
NCT03739138,NA,NA
NCT03835728,NA,NA
NCT02751502,NA,NA
NCT05026801,NA,NA
NCT02696759,NA,NA
NCT03971357,NA,NA
NCT02361346,NA,NA
NCT03316118,NA,NA
NCT03723915,NA,NA
NCT04049175,NA,NA
NCT03356496,NA,NA
NCT04332107,NA,NA
NCT04423848,NA,NA
NCT04557384,NA,NA
NCT04811573,NA,NA
NCT05038384,NA,NA
NCT03090412,NA,NA
NCT03442400,NA,NA
NCT04150094,NA,NA
NCT04272203,NA,NA
NCT04308395,NA,NA
NCT04444466,NA,NA
NCT01779050,NA,NA
NCT02964741,NA,NA
NCT03019107,NA,NA
NCT03538444,NA,NA
NCT04365985,NA,NA
NCT04469881,NA,NA
NCT04575584,NA,NA
NCT03278366,NA,NA
NCT03781830,NA,NA
NCT03938272,NA,NA
NCT04164043,NA,NA
NCT05037019,NA,NA
NCT04868435,2023-05-08,COMPLETED
NCT02910973,NA,NA
NCT03237910,NA,NA
NCT05036837,2022-11-09,COMPLETED
NCT02288377,NA,NA
NCT03365076,NA,NA
NCT03660423,NA,NA
NCT04987996,NA,NA
NCT02524379,NA,NA
NCT03369587,NA,NA
NCT03966404,2023-09-05,COMPLETED
NCT04219475,NA,NA
NCT04746560,NA,NA
NCT05050721,NA,NA
NCT04973618,NA,NA
NCT03623763,NA,NA
NCT03634072,NA,NA
NCT03738800,NA,NA
NCT04045353,NA,NA
NCT04434560,NA,NA
NCT04538430,NA,NA
NCT04240574,NA,NA
NCT04408040,NA,NA
NCT04476589,2023-04-03,COMPLETED
NCT03655080,NA,NA
NCT03894345,NA,NA
NCT04025580,2023-02-02,COMPLETED
NCT04073147,NA,NA
NCT04130698,NA,NA
NCT04652765,NA,NA
NCT04659278,NA,NA
NCT04369469,NA,NA
NCT04601103,NA,NA
NCT04567225,NA,NA
NCT04611074,NA,NA
NCT04445090,NA,NA
NCT02315196,2023-03-28,ACTIVE_NOT_RECRUITING
NCT04269031,2023-01-05,COMPLETED
NCT03445533,NA,NA
NCT03776357,NA,NA
NCT03857867,NA,NA
NCT03927222,NA,NA
NCT04372017,NA,NA
NCT04469374,NA,NA
NCT04558125,NA,NA
NCT05063513,NA,NA
NCT01894646,NA,NA
NCT02969824,NA,NA
NCT04705844,NA,NA
NCT03984305,NA,NA
NCT04151706,NA,NA
NCT04388683,NA,NA
NCT04404361,NA,NA
NCT04732767,NA,NA
NCT03678948,NA,NA
NCT04344600,NA,NA
NCT03344978,NA,NA
NCT03344991,NA,NA
NCT03401710,NA,NA
NCT03689894,NA,NA
NCT03790436,NA,NA
NCT03819543,NA,NA
NCT04297904,NA,NA
NCT04365478,NA,NA
NCT02867644,NA,NA
NCT02901548,NA,NA
NCT03369444,NA,NA
NCT03802461,NA,NA
NCT04218019,NA,NA
NCT04489628,NA,NA
NCT04539509,NA,NA
NCT02586519,NA,NA
NCT02698189,NA,NA
NCT03586687,NA,NA
NCT03817606,NA,NA
NCT02683941,NA,NA
NCT03050060,NA,NA
NCT04671355,NA,NA
NCT03149549,NA,NA
NCT03352557,NA,NA
NCT03853317,NA,NA
NCT00589316,NA,NA
NCT02734615,NA,NA
NCT04343976,NA,NA
NCT04502472,NA,NA
NCT03671525,2023-06-22,COMPLETED
NCT03682601,NA,NA
NCT04003610,NA,NA
NCT04591925,NA,NA
NCT03825796,2023-09-26,ACTIVE_NOT_RECRUITING
NCT04858620,NA,NA
NCT03172936,NA,NA
NCT03739645,2023-05-01,RECRUITING
NCT02454517,NA,NA
NCT04073966,2023-03-14,RECRUITING
NCT04099290,2023-02-07,RECRUITING
NCT04565249,NA,NA
NCT03218683,NA,NA
NCT03382041,NA,NA
NCT03497507,NA,NA
NCT03581513,NA,NA
NCT04292275,NA,NA
NCT02864368,NA,NA
NCT02991027,NA,NA
NCT03352427,NA,NA
NCT03966053,NA,NA
NCT03382769,NA,NA
NCT03644550,NA,NA
NCT03723590,NA,NA
NCT03843489,NA,NA
NCT03943550,NA,NA
NCT04470622,NA,NA
NCT03372941,NA,NA
NCT03722966,NA,NA
NCT04965272,NA,NA
NCT04930705,NA,NA
NCT02618980,NA,NA
NCT02804087,NA,NA
NCT02805517,NA,NA
NCT02826512,NA,NA
NCT03643822,2023-04-24,ACTIVE_NOT_RECRUITING
NCT03922620,NA,NA
NCT04415151,NA,NA
NCT05087524,NA,NA
NCT03597035,NA,NA
NCT03782168,NA,NA
NCT03866538,NA,NA
NCT04048876,NA,NA
NCT03632252,NA,NA
NCT04151446,NA,NA
NCT04501094,NA,NA
NCT04648826,NA,NA
NCT05102331,NA,NA
NCT03905434,NA,NA
NCT04181606,NA,NA
NCT04448834,NA,NA
NCT00540995,NA,NA
NCT03788980,NA,NA
NCT04936113,NA,NA
NCT03645603,NA,NA
NCT03287050,NA,NA
NCT02408887,NA,NA
NCT03759041,NA,NA
NCT03781817,NA,NA
NCT04457817,NA,NA
NCT02359864,NA,NA
NCT04254809,NA,NA
NCT05111054,NA,NA
NCT02006069,NA,NA
NCT03943147,NA,NA
NCT04073472,NA,NA
NCT04472494,NA,NA
NCT04488185,NA,NA
NCT04488575,NA,NA
NCT03504410,NA,NA
NCT03727841,NA,NA
NCT03845504,NA,NA
NCT04096703,NA,NA
NCT02688309,NA,NA
NCT02846883,NA,NA
NCT03286426,NA,NA
NCT04997161,NA,NA
NCT00659126,NA,NA
NCT02023905,NA,NA
NCT02723708,2023-08-17,COMPLETED
NCT02815124,NA,NA
NCT03057678,NA,NA
NCT03515226,NA,NA
NCT03963011,NA,NA
NCT04222829,NA,NA
NCT04482699,NA,NA
NCT05020691,NA,NA
NCT03188822,NA,NA
NCT03684304,NA,NA
NCT03923049,NA,NA
NCT05123508,NA,NA
NCT03425006,NA,NA
NCT03447262,NA,NA
NCT03564145,NA,NA
NCT03740100,NA,NA
NCT03827213,NA,NA
NCT02524275,NA,NA
NCT03531112,NA,NA
NCT04095858,NA,NA
NCT04274192,NA,NA
NCT04396626,NA,NA
NCT05129163,NA,NA
NCT02341625,NA,NA
NCT03255083,NA,NA
NCT03805841,NA,NA
NCT04479436,NA,NA
NCT04920929,NA,NA
NCT04943627,NA,NA
NCT02734719,NA,NA
NCT03137771,2023-12-06,ACTIVE_NOT_RECRUITING
NCT04040621,NA,NA
NCT04432272,NA,NA
NCT03361189,NA,NA
NCT02687360,NA,NA
NCT04059159,NA,NA
NCT04159753,NA,NA
NCT04730804,NA,NA
NCT04741204,NA,NA
NCT04982289,NA,NA
NCT03758443,NA,NA
NCT03866200,NA,NA
NCT03920254,NA,NA
NCT04769453,NA,NA
NCT03333031,NA,NA
NCT04498273,NA,NA
NCT03446456,NA,NA
NCT03874325,NA,NA
NCT04248465,NA,NA
NCT04655261,NA,NA
NCT01954576,NA,NA
NCT03462966,NA,NA
NCT03675126,NA,NA
NCT04830007,NA,NA
NCT04956276,NA,NA
NCT03701308,NA,NA
NCT04616560,NA,NA
NCT01464164,NA,NA
NCT03123822,NA,NA
NCT04790916,NA,NA
NCT02625090,NA,NA
NCT03969420,NA,NA
NCT04856475,NA,NA
NCT05127551,2022-12-07,RECRUITING
NCT02239354,NA,NA
NCT03745859,NA,NA
NCT03939169,NA,NA
NCT04116099,NA,NA
NCT04371432,NA,NA
NCT04508621,2023-12-13,COMPLETED
NCT02090998,NA,NA
NCT03333382,NA,NA
NCT04748588,NA,NA
NCT02702115,NA,NA
NCT03113383,NA,NA
NCT04665115,NA,NA
NCT02616185,NA,NA
NCT02859415,NA,NA
NCT02918500,NA,NA
NCT03253809,NA,NA
NCT03380273,NA,NA
NCT03529799,NA,NA
NCT04551482,2022-11-30,RECRUITING
NCT03891381,NA,NA
NCT04247100,NA,NA
NCT04525898,NA,NA
NCT04820842,NA,NA
NCT03531788,NA,NA
NCT03868839,NA,NA
NCT04238390,NA,NA
NCT04783233,NA,NA
NCT04881175,NA,NA
NCT04197713,2023-03-04,ACTIVE_NOT_RECRUITING
NCT05166031,NA,NA
NCT01286038,NA,NA
NCT04015921,NA,NA
NCT04218786,NA,NA
NCT04586920,NA,NA
NCT04877743,NA,NA
NCT05167370,NA,NA
NCT03670628,NA,NA
NCT03712371,NA,NA
NCT03804138,2023-04-13,COMPLETED
NCT04424641,NA,NA
NCT05174728,NA,NA
NCT00591318,NA,NA
NCT03273907,NA,NA
NCT03649347,NA,NA
NCT03738423,NA,NA
NCT03829657,NA,NA
NCT04095793,NA,NA
NCT04117295,NA,NA
NCT02513667,NA,NA
NCT02734797,2022-12-20,ACTIVE_NOT_RECRUITING
NCT03122301,NA,NA
NCT03224819,NA,NA
NCT03254927,NA,NA
NCT03762265,NA,NA
NCT03794882,NA,NA
NCT04401410,NA,NA
NCT02658812,NA,NA
NCT03770455,NA,NA
NCT03799523,NA,NA
NCT02393183,NA,NA
NCT03730337,2023-10-02,COMPLETED
NCT03651804,NA,NA
NCT03715153,NA,NA
NCT03715166,NA,NA
NCT04199351,NA,NA
NCT02710279,NA,NA
NCT03489109,NA,NA
NCT03556020,NA,NA
NCT03774914,NA,NA
NCT03795428,NA,NA
NCT03930771,NA,NA
NCT04445103,NA,NA
NCT03743935,NA,NA
NCT04460937,2023-03-16,ACTIVE_NOT_RECRUITING
NCT04529499,NA,NA
NCT01535807,NA,NA
NCT02629796,2023-02-14,COMPLETED
NCT03229382,NA,NA
NCT04096560,NA,NA
NCT05186870,2023-03-02,RECRUITING
NCT02430558,NA,NA
NCT02721979,NA,NA
NCT04095689,2023-03-28,RECRUITING
NCT03581279,NA,NA
NCT03826992,2023-04-18,RECRUITING
NCT04238013,NA,NA
NCT04735185,NA,NA
NCT04249167,NA,NA
NCT05109208,NA,NA
NCT04087512,NA,NA
NCT05193695,NA,NA
NCT02053246,NA,NA
NCT02962973,NA,NA
NCT03289143,NA,NA
NCT04881968,NA,NA
NCT02502318,NA,NA
NCT03759834,NA,NA
NCT03896503,2023-02-17,ACTIVE_NOT_RECRUITING
NCT05023512,NA,NA
NCT02124902,NA,NA
NCT02267863,NA,NA
NCT02269670,NA,NA
NCT02978716,NA,NA
NCT04858152,NA,NA
NCT05056779,NA,NA
NCT03041311,NA,NA
NCT03576131,NA,NA
NCT03674892,NA,NA
NCT03891264,NA,NA
NCT04102111,NA,NA
NCT05183841,2023-12-04,ENROLLING_BY_INVITATION
NCT02567435,2023-03-31,ACTIVE_NOT_RECRUITING
NCT03086889,NA,NA
NCT03361345,NA,NA
NCT01005615,NA,NA
NCT02818894,NA,NA
NCT03151746,NA,NA
NCT03477162,NA,NA
NCT03635112,NA,NA
NCT03843710,NA,NA
NCT04374019,NA,NA
NCT01930123,NA,NA
NCT02661022,NA,NA
NCT03231150,2023-02-24,RECRUITING
NCT04199793,NA,NA
NCT04591002,NA,NA
NCT01722890,NA,NA
NCT01726309,NA,NA
NCT01726322,NA,NA
NCT01741103,NA,NA
NCT01844726,NA,NA
NCT02050737,NA,NA
NCT02050997,NA,NA
NCT02308111,NA,NA
NCT02341287,NA,NA
NCT02816255,NA,NA
NCT02910843,NA,NA
NCT03022578,NA,NA
NCT03698201,NA,NA
NCT03790111,NA,NA
NCT04512261,NA,NA
NCT03308786,NA,NA
NCT03384875,NA,NA
NCT03684343,NA,NA
NCT04760873,NA,NA
NCT03777319,NA,NA
NCT04084990,NA,NA
NCT04809623,NA,NA
NCT00594620,NA,NA
NCT03489746,NA,NA
NCT04326231,NA,NA
NCT03044314,NA,NA
NCT03603964,NA,NA
NCT04046328,NA,NA
NCT04064684,NA,NA
NCT04091113,NA,NA
NCT05100927,NA,NA
NCT01028716,NA,NA
NCT03348163,NA,NA
NCT04354428,NA,NA
NCT04362189,NA,NA
NCT04404712,NA,NA
NCT04489420,NA,NA
NCT04573777,NA,NA
NCT03547869,NA,NA
NCT04094181,NA,NA
NCT04361851,NA,NA
NCT04493320,NA,NA
NCT04650217,NA,NA
NCT04700280,NA,NA
NCT05038020,NA,NA
NCT02546492,NA,NA
NCT02667873,2023-09-15,COMPLETED
NCT03787303,NA,NA
NCT04180813,NA,NA
NCT04647084,NA,NA
NCT05005507,NA,NA
NCT03138369,NA,NA
NCT03435315,NA,NA
NCT04363437,NA,NA
NCT04498377,NA,NA
NCT04508842,NA,NA
NCT03998709,NA,NA
NCT04349124,NA,NA
NCT02178436,2023-11-05,COMPLETED
NCT02482389,NA,NA
NCT03347123,NA,NA
NCT03639610,NA,NA
NCT03782402,NA,NA
NCT04412707,NA,NA
NCT04616651,NA,NA
NCT05098457,NA,NA
NCT03929913,2023-01-13,ACTIVE_NOT_RECRUITING
NCT04056299,NA,NA
NCT04115956,NA,NA
NCT04156659,NA,NA
NCT04799210,NA,NA
NCT05243420,NA,NA
NCT03192345,NA,NA
NCT03711318,NA,NA
NCT04753957,NA,NA
NCT03259165,NA,NA
NCT02248701,NA,NA
NCT04163718,NA,NA
NCT04175886,NA,NA
NCT04634799,NA,NA
NCT04787133,NA,NA
NCT01482286,NA,NA
NCT03624790,NA,NA
NCT04375514,NA,NA
NCT04551157,NA,NA
NCT05244265,NA,NA
NCT00482157,NA,NA
NCT02375802,2023-10-10,ENROLLING_BY_INVITATION
NCT02659202,2023-02-13,ACTIVE_NOT_RECRUITING
NCT02727998,NA,NA
NCT03278626,NA,NA
NCT04713202,NA,NA
NCT04771351,NA,NA
NCT04780893,NA,NA
NCT04847141,NA,NA
NCT03269669,2023-03-11,RECRUITING
NCT03366220,NA,NA
NCT03614728,NA,NA
NCT03821337,NA,NA
NCT03993717,NA,NA
NCT04134442,NA,NA
NCT04539275,NA,NA
NCT04863248,NA,NA
NCT02989597,NA,NA
NCT05167253,NA,NA
NCT01337349,NA,NA
NCT02362451,NA,NA
NCT03641326,NA,NA
NCT04059302,NA,NA
NCT04331717,NA,NA
NCT04983446,NA,NA
NCT05254808,NA,NA
NCT03924102,NA,NA
NCT05254613,NA,NA
NCT03481556,NA,NA
NCT03944161,NA,NA
NCT04370236,NA,NA
NCT04641273,NA,NA
NCT04649060,NA,NA
NCT04748289,NA,NA
NCT05019105,NA,NA
NCT05246735,2023-02-13,COMPLETED
NCT01158417,NA,NA
NCT03180398,NA,NA
NCT03488472,NA,NA
NCT03965091,NA,NA
NCT03973697,NA,NA
NCT04081727,NA,NA
NCT04101955,NA,NA
NCT04250545,2022-12-20,RECRUITING
NCT04364763,NA,NA
NCT04399889,NA,NA
NCT05247307,NA,NA
NCT03245827,NA,NA
NCT04233073,NA,NA
NCT04351230,NA,NA
NCT02416050,2023-03-10,COMPLETED
NCT02742883,NA,NA
NCT03600909,NA,NA
NCT03671304,NA,NA
NCT03841565,NA,NA
NCT04213456,NA,NA
NCT04526925,NA,NA
NCT03834220,NA,NA
NCT04304729,NA,NA
NCT04508647,2023-04-12,COMPLETED
NCT04652414,NA,NA
NCT02220478,NA,NA
NCT02395848,NA,NA
NCT03522584,NA,NA
NCT04635683,NA,NA
NCT01838174,NA,NA
NCT03262116,NA,NA
NCT03963414,NA,NA
NCT04003701,NA,NA
NCT04145700,NA,NA
NCT03024437,NA,NA
NCT03439033,NA,NA
NCT01533714,NA,NA
NCT03461952,NA,NA
NCT03818165,NA,NA
NCT04003623,NA,NA
NCT03358706,NA,NA
NCT03364686,NA,NA
NCT03783923,NA,NA
NCT04697693,NA,NA
NCT03219164,NA,NA
NCT03462004,NA,NA
NCT03527264,NA,NA
NCT04551183,NA,NA
NCT05158166,2023-11-09,RECRUITING
NCT02575339,NA,NA
NCT02620761,NA,NA
NCT02856698,NA,NA
NCT03796195,NA,NA
NCT04545385,NA,NA
NCT04656691,NA,NA
NCT03201939,2023-04-12,NOT_YET_RECRUITING
NCT03705962,NA,NA
NCT03724357,NA,NA
NCT04694560,NA,NA
NCT04971187,NA,NA
NCT02392442,2023-04-01,RECRUITING
NCT04206735,NA,NA
NCT02901067,NA,NA
NCT03931551,NA,NA
NCT03087058,NA,NA
NCT03367819,NA,NA
NCT03606980,2023-08-29,COMPLETED
NCT03724409,NA,NA
NCT03969693,2023-04-14,NOT_YET_RECRUITING
NCT04060849,2023-10-31,ACTIVE_NOT_RECRUITING
NCT04265534,NA,NA
NCT04552704,NA,NA
NCT04731298,NA,NA
NCT03077698,NA,NA
NCT04123093,NA,NA
NCT05037669,NA,NA
NCT03904108,NA,NA
NCT04835168,NA,NA
NCT05057273,NA,NA
NCT03742076,2023-07-07,COMPLETED
NCT04104646,NA,NA
NCT04200274,NA,NA
NCT02440646,NA,NA
NCT02309645,NA,NA
NCT02473276,NA,NA
NCT02523248,NA,NA
NCT03819660,NA,NA
NCT04006392,NA,NA
NCT04140110,NA,NA
NCT04147195,NA,NA
NCT04555161,2023-09-21,RECRUITING
NCT04079738,NA,NA
NCT04398199,NA,NA
NCT05197725,NA,NA
NCT02592707,NA,NA
NCT03473340,NA,NA
NCT04163900,NA,NA
NCT04766476,NA,NA
NCT04799990,NA,NA
NCT05295394,NA,NA
NCT04398134,NA,NA
NCT04627142,NA,NA
NCT04835714,2022-12-20,COMPLETED
NCT04989686,2023-01-05,NOT_YET_RECRUITING
NCT03138499,NA,NA
NCT04088500,NA,NA
NCT04142788,NA,NA
NCT04208997,NA,NA
NCT04408677,NA,NA
NCT04664075,2023-04-24,COMPLETED
NCT04938635,NA,NA
NCT02637947,NA,NA
NCT02836262,2022-12-09,RECRUITING
NCT03214666,NA,NA
NCT03380559,2023-09-19,COMPLETED
NCT03660683,NA,NA
NCT03903640,NA,NA
NCT03906643,NA,NA
NCT04412837,NA,NA
NCT03873571,NA,NA
NCT04311515,NA,NA
NCT04505358,NA,NA
NCT04643886,NA,NA
NCT04932265,NA,NA
NCT03367689,NA,NA
NCT04155008,NA,NA
NCT04480736,NA,NA
NCT04059068,2023-12-05,COMPLETED
NCT04273737,NA,NA
NCT04391309,NA,NA
NCT04230031,NA,NA
NCT04555603,NA,NA
NCT04502433,NA,NA
NCT02706405,NA,NA
NCT03719755,2023-04-19,RECRUITING
NCT04705623,2023-05-11,RECRUITING
NCT03142984,NA,NA
NCT03646188,NA,NA
NCT03760666,NA,NA
NCT04237584,NA,NA
NCT04150562,NA,NA
NCT04455035,NA,NA
NCT00788125,2023-02-01,ACTIVE_NOT_RECRUITING
NCT02987959,NA,NA
NCT05147415,NA,NA
NCT05198362,NA,NA
NCT04053062,NA,NA
NCT05062577,NA,NA
NCT02357849,NA,NA
NCT03128619,NA,NA
NCT03625687,NA,NA
NCT03791398,NA,NA
NCT03993457,NA,NA
NCT04176458,NA,NA
NCT04248712,NA,NA
NCT04264013,NA,NA
NCT04294030,NA,NA
NCT04513158,NA,NA
NCT04688749,NA,NA
NCT04899232,NA,NA
NCT05048498,2023-10-16,COMPLETED
NCT02397746,NA,NA
NCT02961322,NA,NA
NCT03544099,NA,NA
NCT04544267,NA,NA
NCT04592406,2023-01-13,COMPLETED
NCT04597892,NA,NA
NCT04598516,NA,NA
NCT04603261,NA,NA
NCT02971033,NA,NA
NCT04088734,NA,NA
NCT04381494,NA,NA
NCT04619706,NA,NA
NCT04820491,NA,NA
NCT04894656,NA,NA
NCT02179827,NA,NA
NCT04430283,NA,NA
NCT04791319,NA,NA
NCT04990440,NA,NA
NCT05121402,NA,NA
NCT05205759,NA,NA
NCT03107780,2023-08-03,RECRUITING
NCT04368364,NA,NA
NCT04808934,NA,NA
NCT03574038,2023-03-15,COMPLETED
NCT04061577,NA,NA
NCT04333407,NA,NA
NCT04413253,NA,NA
NCT04583280,NA,NA
NCT04629534,NA,NA
NCT03225287,NA,NA
NCT03679078,NA,NA
NCT04365257,NA,NA
NCT04500158,2023-03-16,RECRUITING
NCT04547140,NA,NA
NCT02792413,NA,NA
NCT03021135,2023-06-30,COMPLETED
NCT03454893,NA,NA
NCT03893617,NA,NA
NCT04421456,NA,NA
NCT04762875,NA,NA
NCT05334966,2023-08-09,ACTIVE_NOT_RECRUITING
NCT03879655,NA,NA
NCT04225676,NA,NA
NCT04649775,NA,NA
NCT04958642,NA,NA
NCT05267925,NA,NA
NCT01845441,NA,NA
NCT02060487,NA,NA
NCT03709758,2023-03-06,RECRUITING
NCT03803761,NA,NA
NCT03988205,NA,NA
NCT03193437,NA,NA
NCT03479502,NA,NA
NCT03911869,NA,NA
NCT04371393,NA,NA
NCT02519985,NA,NA
NCT02863380,NA,NA
NCT03472495,2023-02-03,COMPLETED
NCT03859869,NA,NA
NCT04095247,NA,NA
NCT04750278,NA,NA
NCT04813991,NA,NA
NCT05158153,NA,NA
NCT05343949,NA,NA
NCT02173613,NA,NA
NCT02955511,NA,NA
NCT04250311,2023-01-20,RECRUITING
NCT04918771,2023-01-20,RECRUITING
NCT01585103,NA,NA
NCT03829631,NA,NA
NCT03829644,NA,NA
NCT04214093,NA,NA
NCT04345913,2023-02-04,RECRUITING
NCT04560686,NA,NA
NCT04650282,NA,NA
NCT05041972,NA,NA
NCT00488072,2023-07-19,ACTIVE_NOT_RECRUITING
NCT03160079,2023-08-18,ACTIVE_NOT_RECRUITING
NCT03802058,NA,NA
NCT04384809,NA,NA
NCT04485130,2023-04-10,ACTIVE_NOT_RECRUITING
NCT04902950,NA,NA
NCT04978337,NA,NA
NCT03395340,NA,NA
NCT04565457,2023-04-11,RECRUITING
NCT02420717,NA,NA
NCT02706626,NA,NA
NCT03795194,NA,NA
NCT04396860,2023-03-30,ACTIVE_NOT_RECRUITING
NCT04889222,NA,NA
NCT02980575,2023-05-05,ACTIVE_NOT_RECRUITING
NCT02995681,NA,NA
NCT03863587,NA,NA
NCT03944902,NA,NA
NCT04164563,NA,NA
NCT03531827,NA,NA
NCT02967133,NA,NA
NCT03985423,NA,NA
NCT04925089,2022-12-07,NOT_YET_RECRUITING
NCT03585595,NA,NA
NCT04205734,NA,NA
NCT04334590,NA,NA
NCT04756856,NA,NA
NCT04860518,NA,NA
NCT03087448,NA,NA
NCT04510844,NA,NA
NCT03593564,NA,NA
NCT03074305,NA,NA
NCT03119012,NA,NA
NCT04003480,NA,NA
NCT03794206,NA,NA
NCT04019613,NA,NA
NCT04252612,NA,NA
NCT04411082,NA,NA
NCT04474314,NA,NA
NCT04613752,NA,NA
NCT05036408,2023-05-15,RECRUITING
NCT05166603,NA,NA
NCT03094832,NA,NA
NCT04866069,NA,NA
NCT02974257,NA,NA
NCT03574974,NA,NA
NCT03616912,NA,NA
NCT03843125,NA,NA
NCT04027348,NA,NA
NCT04329949,NA,NA
NCT04515394,NA,NA
NCT04767698,NA,NA
NCT05191862,NA,NA
NCT02074436,NA,NA
NCT05007977,NA,NA
NCT04502706,NA,NA
NCT04593628,NA,NA
NCT03245840,NA,NA
NCT03281304,NA,NA
NCT04199910,NA,NA
NCT04829331,NA,NA
NCT01306019,NA,NA
NCT01968590,NA,NA
NCT02871297,NA,NA
NCT02885324,NA,NA
NCT03288493,NA,NA
NCT03459443,NA,NA
NCT03518112,NA,NA
NCT03534700,NA,NA
NCT04040400,NA,NA
NCT04396106,NA,NA
NCT04906382,NA,NA
NCT04984330,NA,NA
NCT04985825,NA,NA
NCT05014919,NA,NA
NCT01282021,2023-03-15,RECRUITING
NCT02097121,NA,NA
NCT04210037,NA,NA
NCT04502888,NA,NA
NCT02778997,NA,NA
NCT04078854,NA,NA
NCT04390867,NA,NA
NCT05012787,NA,NA
NCT05082571,NA,NA
NCT05082584,NA,NA
NCT05311878,2023-11-13,COMPLETED
NCT03740724,NA,NA
NCT03939416,NA,NA
NCT04167111,NA,NA
NCT04175392,NA,NA
NCT04729946,NA,NA
NCT05135650,NA,NA
NCT02466074,NA,NA
NCT04455815,NA,NA
NCT04639245,NA,NA
NCT04667715,NA,NA
NCT04847674,NA,NA
NCT05312021,NA,NA
NCT03150693,NA,NA
NCT03933397,NA,NA
NCT04053803,NA,NA
NCT04546711,NA,NA
NCT05393999,NA,NA
NCT05183633,NA,NA
NCT04274686,NA,NA
NCT04487262,NA,NA
NCT04969861,NA,NA
NCT04987762,NA,NA
NCT04242173,NA,NA
NCT04380155,2023-06-03,NOT_YET_RECRUITING
NCT01461915,NA,NA
NCT01640301,NA,NA
NCT02520427,NA,NA
NCT02856581,NA,NA
NCT03222869,2023-10-11,COMPLETED
NCT03370510,NA,NA
NCT04100590,NA,NA
NCT04354727,NA,NA
NCT02582008,NA,NA
NCT04419389,NA,NA
NCT04638309,NA,NA
NCT04745351,NA,NA
NCT04305691,2023-03-28,NOT_YET_RECRUITING
NCT01416714,NA,NA
NCT03154307,NA,NA
NCT03612466,NA,NA
NCT03910907,NA,NA
NCT04230954,NA,NA
NCT04306211,NA,NA
NCT01618357,NA,NA
NCT04408066,NA,NA
NCT05412264,NA,NA
NCT02006251,NA,NA
NCT04482036,NA,NA
NCT04783415,2023-02-28,ACTIVE_NOT_RECRUITING
NCT05211336,2022-12-17,RECRUITING
NCT03504644,2023-01-23,RECRUITING
NCT03175978,NA,NA
NCT04064112,2023-10-25,COMPLETED
NCT04093414,NA,NA
NCT04314856,NA,NA
NCT02601378,NA,NA
NCT04644315,NA,NA
NCT04805268,2022-12-21,COMPLETED
NCT05279859,NA,NA
NCT02450331,2023-02-14,COMPLETED
NCT03637374,NA,NA
NCT03778515,NA,NA
NCT04432350,NA,NA
NCT04773067,NA,NA
NCT05100901,NA,NA
NCT03436875,NA,NA
NCT03693846,NA,NA
NCT03822117,NA,NA
NCT02996266,NA,NA
NCT03790852,NA,NA
NCT03139318,NA,NA
NCT04512066,2023-06-16,COMPLETED
NCT04725812,NA,NA
NCT04826874,2023-01-18,RECRUITING
NCT05097131,NA,NA
NCT05166876,NA,NA
NCT03283150,NA,NA
NCT03450018,2023-08-02,RECRUITING
NCT05259514,NA,NA
NCT03148496,NA,NA
NCT03747627,2022-12-06,RECRUITING
NCT04266873,NA,NA
NCT04278755,NA,NA
NCT05013385,NA,NA
NCT01770756,NA,NA
NCT02767856,NA,NA
NCT04217109,2023-07-13,COMPLETED
NCT04368130,NA,NA
NCT03891602,NA,NA
NCT03963960,NA,NA
NCT05434936,NA,NA
NCT01624285,2023-12-08,COMPLETED
NCT02777762,NA,NA
NCT04205240,NA,NA
NCT02203773,NA,NA
NCT03435640,NA,NA
NCT04556383,NA,NA
NCT04861441,NA,NA
NCT04950504,NA,NA
NCT05182216,NA,NA
NCT04390503,NA,NA
NCT03549351,NA,NA
NCT04319094,2023-10-15,COMPLETED
NCT04360551,NA,NA
NCT02335944,NA,NA
NCT03059355,NA,NA
NCT03649321,NA,NA
NCT03710564,NA,NA
NCT04747275,NA,NA
NCT02963090,NA,NA
NCT03119064,NA,NA
NCT04783389,NA,NA
NCT05191004,NA,NA
NCT05191017,NA,NA
NCT00251433,NA,NA
NCT04588389,NA,NA
NCT04770155,NA,NA
NCT02994784,NA,NA
NCT03262701,NA,NA
NCT03490838,NA,NA
NCT04110353,NA,NA
NCT04356690,NA,NA
NCT04828161,NA,NA
NCT04515953,NA,NA
NCT02859064,NA,NA
NCT03125928,2023-03-10,ACTIVE_NOT_RECRUITING
NCT03514875,NA,NA
NCT03573544,NA,NA
NCT03695250,NA,NA
NCT04295720,NA,NA
NCT04399044,NA,NA
NCT03338920,NA,NA
NCT04303559,NA,NA
NCT04303572,NA,NA
NCT04342689,NA,NA
NCT04639258,NA,NA
NCT04685499,NA,NA
NCT04895410,NA,NA
NCT05274048,2023-07-10,RECRUITING
NCT00119366,NA,NA
NCT02462421,NA,NA
NCT03022656,NA,NA
NCT03365804,NA,NA
NCT04033159,NA,NA
NCT04574167,2023-05-19,RECRUITING
NCT04703855,NA,NA
NCT04845685,NA,NA
NCT05029284,2023-03-31,ACTIVE_NOT_RECRUITING
NCT05242315,2023-02-03,RECRUITING
NCT01794338,NA,NA
NCT03805698,NA,NA
NCT04040075,NA,NA
NCT04272242,NA,NA
NCT04905888,NA,NA
NCT03389685,NA,NA
NCT03690154,NA,NA
NCT03860207,NA,NA
NCT03887533,NA,NA
NCT03953261,NA,NA
NCT04750239,NA,NA
NCT04826133,NA,NA
NCT04442581,NA,NA
NCT03959592,NA,NA
NCT04081389,2023-03-15,ACTIVE_NOT_RECRUITING
NCT02396810,NA,NA
NCT03918603,NA,NA
NCT05463393,NA,NA
NCT03233828,NA,NA
NCT03536559,NA,NA
NCT03745898,NA,NA
NCT04134208,NA,NA
NCT04733495,2023-01-05,ACTIVE_NOT_RECRUITING
NCT04781374,NA,NA
NCT05010850,2022-12-05,RECRUITING
NCT01511614,2023-07-27,COMPLETED
NCT02626377,NA,NA
NCT04232228,NA,NA
NCT04440891,NA,NA
NCT04493619,NA,NA
NCT04556617,NA,NA
NCT04581733,NA,NA
NCT05063734,NA,NA
NCT05117398,2023-05-22,NOT_YET_RECRUITING
NCT02656303,NA,NA
NCT03207256,NA,NA
NCT03828448,NA,NA
NCT03932383,NA,NA
NCT04093739,NA,NA
NCT04172532,2022-12-10,RECRUITING
NCT04336163,NA,NA
NCT05387642,NA,NA
NCT00521209,2023-08-04,COMPLETED
NCT03523429,NA,NA
NCT04039529,NA,NA
NCT04267822,NA,NA
NCT04331002,NA,NA
NCT02300922,NA,NA
NCT02932475,NA,NA
NCT04579068,NA,NA
NCT05314075,2023-04-03,RECRUITING
NCT05323630,2023-05-02,RECRUITING
NCT02660476,NA,NA
NCT03976076,NA,NA
NCT03064854,NA,NA
NCT04644276,NA,NA
NCT03722108,NA,NA
NCT03992131,NA,NA
NCT04425629,NA,NA
NCT04513548,NA,NA
NCT04707703,NA,NA
NCT04992273,NA,NA
NCT05074433,NA,NA
NCT04674748,NA,NA
NCT04707157,NA,NA
NCT03301896,NA,NA
NCT03515629,NA,NA
NCT04026568,NA,NA
NCT04069936,NA,NA
NCT04216693,NA,NA
NCT04420624,NA,NA
NCT04881448,NA,NA
NCT05137795,NA,NA
NCT05482828,NA,NA
NCT01897454,NA,NA
NCT03570801,NA,NA
NCT04060342,NA,NA
NCT03213418,NA,NA
NCT03876028,NA,NA
NCT04171700,NA,NA
NCT04667364,NA,NA
NCT03198988,NA,NA
NCT03951792,2023-07-18,RECRUITING
NCT04147468,NA,NA
NCT05112874,NA,NA
NCT02971683,2023-10-26,COMPLETED
NCT03783715,NA,NA
NCT04640194,NA,NA
NCT05205785,2023-02-07,RECRUITING
NCT03511976,2023-09-06,RECRUITING
NCT04339543,NA,NA
NCT04672564,NA,NA
NCT04895553,NA,NA
NCT04518137,NA,NA
NCT04780061,NA,NA
NCT05048381,NA,NA
NCT05079126,NA,NA
NCT04619602,NA,NA
NCT04993365,2023-10-07,COMPLETED
NCT05031338,NA,NA
NCT05156632,NA,NA
NCT05254236,NA,NA
NCT05458778,2023-03-28,RECRUITING
NCT04178642,NA,NA
NCT05129423,NA,NA
NCT03099265,NA,NA
NCT03318952,NA,NA
NCT03760484,NA,NA
NCT03835481,NA,NA
NCT03854227,NA,NA
NCT04964297,2022-12-05,RECRUITING
NCT05444153,NA,NA
NCT03532425,NA,NA
NCT04167618,NA,NA
NCT04679324,NA,NA
NCT05238753,NA,NA
NCT05349019,NA,NA
NCT04224688,NA,NA
NCT04677179,NA,NA
NCT04781166,NA,NA
NCT04815473,NA,NA
NCT05120765,NA,NA
NCT03075176,NA,NA
NCT03120325,NA,NA
NCT03450707,NA,NA
NCT03660553,NA,NA
NCT03966885,NA,NA
NCT03970330,NA,NA
NCT04108481,NA,NA
NCT05508893,NA,NA
NCT03379051,NA,NA
NCT04277962,NA,NA
NCT04804722,2023-07-05,COMPLETED
NCT05080296,NA,NA
NCT03735316,NA,NA
NCT04465916,NA,NA
NCT04798027,NA,NA
NCT03410420,NA,NA
NCT04064346,NA,NA
NCT05101668,NA,NA
NCT05434091,NA,NA
NCT03417401,NA,NA
NCT04305236,NA,NA
NCT04638400,NA,NA
NCT05124405,NA,NA
NCT00858793,NA,NA
NCT03130439,NA,NA
NCT03316573,NA,NA
NCT04922307,2023-10-01,ACTIVE_NOT_RECRUITING
NCT05208866,NA,NA
NCT04880577,NA,NA
NCT04155580,NA,NA
NCT04247594,NA,NA
NCT04346615,NA,NA
NCT03102866,2023-12-13,COMPLETED
NCT03412630,NA,NA
NCT04756505,NA,NA
NCT04959266,NA,NA
NCT05081518,NA,NA
NCT05363644,2023-02-08,RECRUITING
NCT02916966,2023-09-05,RECRUITING
NCT03694483,NA,NA
NCT03823131,NA,NA
NCT03896230,NA,NA
NCT03626545,NA,NA
NCT04891757,2023-06-25,ACTIVE_NOT_RECRUITING
NCT04099888,NA,NA
NCT04778085,NA,NA
NCT02778529,NA,NA
NCT04065139,NA,NA
NCT04398316,NA,NA
NCT04505878,NA,NA
NCT03018704,NA,NA
NCT03062449,NA,NA
NCT03138889,NA,NA
NCT04290988,NA,NA
NCT04411472,NA,NA
NCT04933617,2023-04-01,RECRUITING
NCT05061771,NA,NA
NCT03921073,NA,NA
NCT04088864,NA,NA
NCT04245449,NA,NA
NCT04609592,2023-07-14,RECRUITING
NCT04783727,NA,NA
NCT04848220,NA,NA
NCT05276830,NA,NA
NCT02823327,NA,NA
NCT03534193,NA,NA
NCT03982342,NA,NA
NCT04915950,NA,NA
NCT04799275,2023-04-04,RECRUITING
NCT04842292,NA,NA
NCT04854434,NA,NA
NCT03629613,NA,NA
NCT04160468,NA,NA
NCT04530448,NA,NA
NCT05026502,NA,NA
NCT05253755,NA,NA
NCT03251989,NA,NA
NCT05146739,2023-06-27,RECRUITING
NCT02802176,NA,NA
NCT03943446,NA,NA
NCT04791514,NA,NA
NCT01994174,NA,NA
NCT02382406,NA,NA
NCT03658629,NA,NA
NCT04410523,NA,NA
NCT04737109,NA,NA
NCT04739683,NA,NA
NCT04781088,2022-12-13,RECRUITING
NCT05094934,NA,NA
NCT04425655,NA,NA
NCT04697056,NA,NA
NCT04697069,NA,NA
NCT04816006,2023-05-03,NOT_YET_RECRUITING
NCT05204667,2023-10-20,RECRUITING
NCT05491603,NA,NA
NCT02608268,NA,NA
NCT02772081,NA,NA
NCT03617172,NA,NA
NCT03918460,2023-04-11,RECRUITING
NCT05139615,NA,NA
NCT05327023,2023-07-03,RECRUITING
NCT03710291,NA,NA
NCT04258969,NA,NA
NCT04483921,2023-05-05,RECRUITING
NCT04795141,NA,NA
NCT04946318,NA,NA
NCT03122106,NA,NA
NCT03967288,NA,NA
NCT04190446,2022-12-30,ACTIVE_NOT_RECRUITING
NCT01784601,NA,NA
NCT03845894,NA,NA
NCT04398667,NA,NA
NCT04322734,2023-10-23,NOT_YET_RECRUITING
NCT02055963,NA,NA
NCT04307992,NA,NA
NCT04584684,NA,NA
NCT04912115,NA,NA
NCT05062720,NA,NA
NCT05559164,2023-02-21,RECRUITING
NCT05561257,2023-11-15,RECRUITING
NCT02778685,2023-03-14,RECRUITING
NCT03922724,2023-12-20,RECRUITING
NCT03215849,2023-04-06,ENROLLING_BY_INVITATION
NCT03985878,NA,NA
NCT01678547,NA,NA
NCT03156686,NA,NA
NCT03353792,NA,NA
NCT03563222,NA,NA
NCT04209465,NA,NA
NCT04313296,NA,NA
NCT04541225,NA,NA
NCT04662073,NA,NA
NCT04692155,NA,NA
NCT04807387,NA,NA
NCT05215106,2023-06-02,RECRUITING
NCT05128682,NA,NA
NCT04328285,NA,NA
NCT04342611,2022-12-20,NOT_YET_RECRUITING
NCT04532749,NA,NA
NCT04922112,NA,NA
NCT05111041,2022-12-09,ENROLLING_BY_INVITATION
NCT05186077,NA,NA
NCT05234632,NA,NA
NCT03277482,NA,NA
NCT03318861,NA,NA
NCT04066894,NA,NA
NCT04936061,NA,NA
NCT05011513,NA,NA
NCT05111561,2023-03-17,RECRUITING
NCT03970200,NA,NA
NCT04567251,2023-04-20,RECRUITING
NCT04757688,NA,NA
NCT04882696,NA,NA
NCT03641287,NA,NA
NCT03907488,2022-12-02,ACTIVE_NOT_RECRUITING
NCT04109287,NA,NA
NCT04378426,NA,NA
NCT03627234,NA,NA
NCT04203056,NA,NA
NCT05008835,NA,NA
NCT03229876,NA,NA
NCT04401150,2023-04-20,COMPLETED
NCT04552418,2023-02-10,COMPLETED
NCT05352425,NA,NA
NCT04278534,NA,NA
NCT04642638,NA,NA
NCT04687774,NA,NA
NCT04802837,NA,NA
NCT04894994,NA,NA
NCT03714815,NA,NA
NCT04216134,2023-06-14,COMPLETED
NCT04634825,NA,NA
NCT05080946,2023-04-05,RECRUITING
NCT02855268,NA,NA
NCT04614467,NA,NA
NCT04843137,NA,NA
NCT05066165,NA,NA
NCT03247413,NA,NA
NCT03801031,NA,NA
NCT04687917,2023-05-01,ACTIVE_NOT_RECRUITING
NCT02922816,NA,NA
NCT04839965,NA,NA
NCT05027815,NA,NA
NCT05329623,2023-10-20,RECRUITING
NCT05388617,NA,NA
NCT05415917,2022-12-31,RECRUITING
NCT04564196,NA,NA
NCT04624672,NA,NA
NCT05312697,NA,NA
NCT02502006,NA,NA
NCT03410927,NA,NA
NCT03593915,NA,NA
NCT05259397,NA,NA
NCT03663166,NA,NA
NCT04504331,NA,NA
NCT04788459,NA,NA
NCT05126966,NA,NA
NCT05128773,NA,NA
NCT03466476,2023-10-09,ACTIVE_NOT_RECRUITING
NCT03638128,NA,NA
NCT03935594,NA,NA
NCT04389918,2023-02-24,ACTIVE_NOT_RECRUITING
NCT04836533,NA,NA
NCT02536300,NA,NA
NCT03128775,NA,NA
NCT04684511,NA,NA
NCT05135546,NA,NA
NCT02958917,NA,NA
NCT04152837,NA,NA
NCT04461210,NA,NA
NCT04639011,NA,NA
NCT04849884,2023-01-04,RECRUITING
NCT05030350,NA,NA
NCT03029351,NA,NA
NCT03743428,NA,NA
NCT03939065,NA,NA
NCT03955432,NA,NA
NCT04118491,NA,NA
NCT04120987,NA,NA
NCT04311866,NA,NA
NCT04377659,NA,NA
NCT04544709,NA,NA
NCT01347645,NA,NA
NCT01787409,2023-01-16,ACTIVE_NOT_RECRUITING
NCT03115567,NA,NA
NCT04274517,NA,NA
NCT04518319,NA,NA
NCT04941703,NA,NA
NCT05018247,NA,NA
NCT05371002,NA,NA
NCT05603624,NA,NA
NCT01996605,NA,NA
NCT02100956,NA,NA
NCT02661035,2023-04-18,ACTIVE_NOT_RECRUITING
NCT03509584,NA,NA
NCT03549000,NA,NA
NCT03560349,NA,NA
NCT04009044,2023-01-26,RECRUITING
NCT04316169,NA,NA
NCT04588688,NA,NA
NCT04607317,NA,NA
NCT05027178,NA,NA
NCT05030909,2023-12-04,NOT_YET_RECRUITING
NCT05075382,NA,NA
NCT02396277,NA,NA
NCT03301415,NA,NA
NCT04630730,2023-08-17,ACTIVE_NOT_RECRUITING
NCT04909346,NA,NA
NCT05176717,NA,NA
NCT05295927,NA,NA
NCT03822962,NA,NA
NCT03931746,NA,NA
NCT04225234,NA,NA
NCT04241588,NA,NA
NCT04275154,NA,NA
NCT04276090,NA,NA
NCT04357353,NA,NA
NCT04533750,2023-03-15,RECRUITING
NCT04639947,NA,NA
NCT04782609,NA,NA
NCT05237167,NA,NA
NCT04645160,2023-08-25,RECRUITING
NCT03711929,NA,NA
NCT03945032,NA,NA
NCT04712019,NA,NA
NCT04800627,NA,NA
NCT05357222,2023-11-08,RECRUITING
NCT04570956,2023-01-20,RECRUITING
NCT01931709,NA,NA
NCT02763384,NA,NA
NCT03631641,NA,NA
NCT03785327,NA,NA
NCT04051866,NA,NA
NCT04795908,2023-08-22,COMPLETED
NCT04807075,NA,NA
NCT05055258,NA,NA
NCT03482310,2023-10-24,COMPLETED
NCT03662711,NA,NA
NCT03834818,NA,NA
NCT03954990,NA,NA
NCT04582669,NA,NA
NCT04682366,NA,NA
NCT05024552,2023-04-12,RECRUITING
NCT05085964,NA,NA
NCT03729115,2023-02-15,RECRUITING
NCT03729245,NA,NA
NCT03995212,NA,NA
NCT04044872,2023-05-23,ACTIVE_NOT_RECRUITING
NCT03724084,NA,NA
NCT04054115,NA,NA
NCT04410445,NA,NA
NCT04733677,NA,NA
NCT05138471,2023-01-17,RECRUITING
NCT05158296,NA,NA
NCT05618561,NA,NA
NCT04046107,NA,NA
NCT04271501,NA,NA
NCT04762160,NA,NA
NCT04784390,NA,NA
NCT04988308,NA,NA
NCT05081882,2023-01-17,RECRUITING
NCT04505813,NA,NA
NCT04578015,NA,NA
NCT04585243,NA,NA
NCT04591977,NA,NA
NCT05182320,NA,NA
NCT02979093,NA,NA
NCT04258683,NA,NA
NCT04822298,NA,NA
NCT04899921,NA,NA
NCT04663568,NA,NA
NCT00745134,NA,NA
NCT02740699,NA,NA
NCT03626701,NA,NA
NCT05494619,NA,NA
NCT03972709,2023-03-08,COMPLETED
NCT03975231,2023-01-19,RECRUITING
NCT04607148,2023-03-08,COMPLETED
NCT04670874,2023-06-28,NOT_YET_RECRUITING
NCT05139056,2023-02-09,RECRUITING
NCT04184882,NA,NA
NCT04657289,2022-12-20,RECRUITING
NCT01811394,2023-11-29,ACTIVE_NOT_RECRUITING
NCT03876808,NA,NA
NCT04343235,NA,NA
NCT04648696,NA,NA
NCT04811937,NA,NA
NCT04966546,2023-05-24,ACTIVE_NOT_RECRUITING
NCT04984278,NA,NA
NCT05079451,NA,NA
NCT04054856,NA,NA
NCT03659565,NA,NA
NCT03870763,NA,NA
NCT03999229,2022-12-15,RECRUITING
NCT04792970,NA,NA
NCT05284214,NA,NA
NCT05571111,NA,NA
